category,url,image,title,seller,sku,in stock,price,discount,old-price
"[""Branded Food"", ""Ayurvedic Food""]",http://192.168.1.146:8000/catalog/product/40009525,http://192.168.1.146:8000/static/images/products/40009525.jpg,Patanjali Honey 500 gm Bottle,Patanjali,40009525,Yes,135.99,0,0
"[""Branded Food"", ""Ayurvedic Food""]",http://192.168.1.146:8000/catalog/product/40009524,http://192.168.1.146:8000/static/images/products/40009524.jpg,Patanjali Honey 250 gm Bottle,Patanjali,40009524,Yes,70.99,0,0
"[""Branded Food"", ""Ayurvedic Food""]",http://192.168.1.146:8000/catalog/product/30002418,http://192.168.1.146:8000/static/images/products/30002418.jpg,Patanjali Special Chyawanprash  1 kg Jar,Patanjali,30002418,Yes,250.99,0,0
"[""Branded Food"", ""Ayurvedic Food""]",http://192.168.1.146:8000/catalog/product/30002414,http://192.168.1.146:8000/static/images/products/30002414.jpg,Patanjali Jam - Mixed Fruit 500 gm Bottle,Patanjali,30002414,Yes,70.99,0,0
"[""Branded Food"", ""Ayurvedic Food""]",http://192.168.1.146:8000/catalog/product/30002404,http://192.168.1.146:8000/static/images/products/30002404.jpg,Patanjali Badam Pak 500 gm Jar,Patanjali,30002404,Yes,225.99,0,0
"[""Branded Food"", ""Ayurvedic Food""]",http://192.168.1.146:8000/catalog/product/40009523,http://192.168.1.146:8000/static/images/products/40009523.jpg,Patanjali Pachak - Hing Goli 100 gm Bottle,Patanjali,40009523,Yes,50.99,0,0
"[""Branded Food"", ""Ayurvedic Food""]",http://192.168.1.146:8000/catalog/product/40014683,http://192.168.1.146:8000/static/images/products/40014683.jpg,"Sri Sri Ayurveda Amla Candy - Delicious, Healthy and Digestive 400 gm Carton",Sri,40014683,Yes,160.99,0,0
"[""Branded Food"", ""Ayurvedic Food""]",http://192.168.1.146:8000/catalog/product/40014687,http://192.168.1.146:8000/static/images/products/40014687.jpg,Sri Sri Ayurveda Food Supplement - Karela Jamun Juice 500 ml Carton,Sri,40014687,Yes,150.99,0,0
"[""Branded Food"", ""Ayurvedic Food""]",http://192.168.1.146:8000/catalog/product/40014682,http://192.168.1.146:8000/static/images/products/40014682.jpg,Sri Sri Ayurveda Triphala Tablet - Tridosha Balancer 60 pcs Box,Sri,40014682,Yes,80.99,0,0
"[""Branded Food"", ""Ayurvedic Food""]",http://192.168.1.146:8000/catalog/product/40017855,http://192.168.1.146:8000/static/images/products/40017855.jpg,Patanjali Biscuit - Nariyal 100 gm,Patanjali,40017855,Yes,10.99,0,0
"[""Branded Food"", ""Ayurvedic Food""]",http://192.168.1.146:8000/catalog/product/30002403,http://192.168.1.146:8000/static/images/products/30002403.jpg,Patanjali Amla - Pickle 1 kg Jar,Patanjali,30002403,Yes,95.99,0,0
"[""Branded Food"", ""Ayurvedic Food""]",http://192.168.1.146:8000/catalog/product/40017857,http://192.168.1.146:8000/static/images/products/40017857.jpg,Patanjali Aarogya Biscuits - Multi Grain Supplement 100 gm,Patanjali,40017857,Yes,10.99,0,0
"[""Branded Food"", ""Ayurvedic Food""]",http://192.168.1.146:8000/catalog/product/40014648,http://192.168.1.146:8000/static/images/products/40014648.jpg,Sri Sri Ayurveda Tulasi Arka - Anti Viral 30 ml,Sri,40014648,Yes,80.99,0,0
"[""Branded Food"", ""Ayurvedic Food""]",http://192.168.1.146:8000/catalog/product/40014701,http://192.168.1.146:8000/static/images/products/40014701.jpg,Sri Sri Ayurveda Chyawanprash - Herbal Immunity Booster 250 gm Box,Sri,40014701,Yes,80.99,0,0
"[""Branded Food"", ""Ayurvedic Food""]",http://192.168.1.146:8000/catalog/product/40014685,http://192.168.1.146:8000/static/images/products/40014685.jpg,"Sri Sri Ayurveda Amla Candy - Paan Flavored (Delicious, Healthy and Digestive) 400 gm Carton",Sri,40014685,Yes,160.99,0,0
"[""Branded Food"", ""Ayurvedic Food""]",http://192.168.1.146:8000/catalog/product/40014686,http://192.168.1.146:8000/static/images/products/40014686.jpg,Sri Sri Ayurveda Food Supplement - Aloe Vera Triphala Juice 500 ml Carton,Sri,40014686,Yes,150.99,0,0
"[""Branded Food"", ""Ayurvedic Food""]",http://192.168.1.146:8000/catalog/product/40017849,http://192.168.1.146:8000/static/images/products/40017849.jpg,Patanjali Pachak Chhuhara - Khatta Mitha 100 gm,Patanjali,40017849,Yes,45.99,0,0
"[""Branded Food"", ""Ayurvedic Food""]",http://192.168.1.146:8000/catalog/product/40014678,http://192.168.1.146:8000/static/images/products/40014678.jpg,Sri Sri Ayurveda Oorja Tablet - Energizer 500 mg 60 pcs,Sri,40014678,Yes,145.99,0,0
"[""Branded Food"", ""Ayurvedic Food""]",http://192.168.1.146:8000/catalog/product/40014684,http://192.168.1.146:8000/static/images/products/40014684.jpg,"Sri Sri Ayurveda Amla Candy - Mango Flavored (Delicious, Healthy and Digestive) 400 gm Carton",Sri,40014684,Yes,160.99,0,0
"[""Branded Food"", ""Ayurvedic Food""]",http://192.168.1.146:8000/catalog/product/40009518,http://192.168.1.146:8000/static/images/products/40009518.jpg,Patanjali Tomato - Ketchup 500 gm Bottle,Patanjali,40009518,Yes,70.99,0,0
"[""Branded Food"", ""Ayurvedic Food""]",http://192.168.1.146:8000/catalog/product/40014649,http://192.168.1.146:8000/static/images/products/40014649.jpg,Sri Sri Ayurveda Ajamoda Arka - Digestive Aid 30 ml,Sri,40014649,Yes,80.99,0,0
"[""Branded Food"", ""Ayurvedic Food""]",http://192.168.1.146:8000/catalog/product/30002397,http://192.168.1.146:8000/static/images/products/30002397.jpg,Patanjali Mustard Oil 1 ltr Bottle,Patanjali,30002397,Yes,143.99,0,0
"[""Branded Food"", ""Ayurvedic Food""]",http://192.168.1.146:8000/catalog/product/40009526,http://192.168.1.146:8000/static/images/products/40009526.jpg,Patanjali Amla - Candy 500 gm Bottle,Patanjali,40009526,Yes,145.99,0,0
"[""Branded Food"", ""Ayurvedic Food""]",http://192.168.1.146:8000/catalog/product/40017856,http://192.168.1.146:8000/static/images/products/40017856.jpg,Patanjali Sandwich Biscuits - Choco Delite 75 gm,Patanjali,40017856,Yes,10.99,0,0
"[""Branded Food"", ""Ayurvedic Food""]",http://192.168.1.146:8000/catalog/product/40017854,http://192.168.1.146:8000/static/images/products/40017854.jpg,Patanjali Sandwich Biscuits - Elaichi Delite 75 gm,Patanjali,40017854,Yes,10.99,0,0
"[""Branded Food"", ""Ayurvedic Food""]",http://192.168.1.146:8000/catalog/product/40017850,http://192.168.1.146:8000/static/images/products/40017850.jpg,Patanjali Pachak Hing - Peda 100 gm,Patanjali,40017850,Yes,35.99,0,0
"[""Branded Food"", ""Ayurvedic Food""]",http://192.168.1.146:8000/catalog/product/40017853,http://192.168.1.146:8000/static/images/products/40017853.jpg,Patanjali Sandwich Biscuits - Orange Delite 75 gm,Patanjali,40017853,Yes,10.99,0,0
"[""Branded Food"", ""Ayurvedic Food""]",http://192.168.1.146:8000/catalog/product/30002421,http://192.168.1.146:8000/static/images/products/30002421.jpg,Patanjali Pachak - Jaljeera 200 gm Bottle,Patanjali,30002421,Yes,55.99,0,0
"[""Branded Food"", ""Cooking Pastes and Powders""]",http://192.168.1.146:8000/catalog/product/40053973,http://192.168.1.146:8000/static/images/products/40053973.jpg,Iyengar Ready Mix - Sambar Powder 200g,Iyengar,40053973,Yes,70.99,0,0
"[""Branded Food"", ""Cooking Pastes and Powders""]",http://192.168.1.146:8000/catalog/product/40053974,http://192.168.1.146:8000/static/images/products/40053974.jpg,Iyengar Ready Mix - Vangibath Mix 200g,Iyengar,40053974,Yes,70.99,0,0
"[""Branded Food"", ""Cooking Pastes and Powders""]",http://192.168.1.146:8000/catalog/product/264515,http://192.168.1.146:8000/static/images/products/264515.jpg,Dabur Hommade Ginger Garlic Paste 100 gm pouch,Dabur,264515,Yes,11.99,5.5,17.49
"[""Branded Food"", ""Cooking Pastes and Powders""]",http://192.168.1.146:8000/catalog/product/264591,http://192.168.1.146:8000/static/images/products/264591.jpg,Dabur Hommade Paste - Ginger Garlic 200 gm Pouch,Dabur,264591,Yes,21.99,10.5,32.49
"[""Branded Food"", ""Cooking Pastes and Powders""]",http://192.168.1.146:8000/catalog/product/30007117,http://192.168.1.146:8000/static/images/products/30007117.jpg,Maggi Magic Cubes - Vegitarian Masala 45 gm,Maggi,30007117,Yes,35.99,0,0
"[""Branded Food"", ""Cooking Pastes and Powders""]",http://192.168.1.146:8000/catalog/product/264593,http://192.168.1.146:8000/static/images/products/264593.jpg,Dabur Hommade Paste - Tamarind 200 gm Pouch,Dabur,264593,Yes,16.99,8,24.99
"[""Branded Food"", ""Cooking Pastes and Powders""]",http://192.168.1.146:8000/catalog/product/40059906,http://192.168.1.146:8000/static/images/products/40059906.jpg,Soul  Cooking Paste - Ginger and Garlic with Oil 175 g,Soul,40059906,Yes,40.99,0,0
"[""Branded Food"", ""Cooking Pastes and Powders""]",http://192.168.1.146:8000/catalog/product/100057357,http://192.168.1.146:8000/static/images/products/100057357.jpg,Maggi Cubes - Magic Chicken 40 gm Pouch,Maggi,100057357,Yes,35.99,0,0
"[""Branded Food"", ""Cooking Pastes and Powders""]",http://192.168.1.146:8000/catalog/product/264590,http://192.168.1.146:8000/static/images/products/264590.jpg,Dabur Hommade Paste - Garlic 200 gm Pouch,Dabur,264590,Yes,21.99,10.5,32.49
"[""Branded Food"", ""Cooking Pastes and Powders""]",http://192.168.1.146:8000/catalog/product/264516,http://192.168.1.146:8000/static/images/products/264516.jpg,Dabur Hommade Paste - Ginger 200 gm Pouch,Dabur,264516,Yes,21.99,10.5,32.49
"[""Branded Food"", ""Cooking Pastes and Powders""]",http://192.168.1.146:8000/catalog/product/30007115,http://192.168.1.146:8000/static/images/products/30007115.jpg,Maggi Bhuna Masala - Korma 65 gm,Maggi,30007115,Yes,30.99,0,0
"[""Branded Food"", ""Cooking Pastes and Powders""]",http://192.168.1.146:8000/catalog/product/40059905,http://192.168.1.146:8000/static/images/products/40059905.jpg,Soul  Cooking Paste - Ginger and Garlic 175 g,Soul,40059905,Yes,40.99,0,0
"[""Branded Food"", ""Cooking Pastes and Powders""]",http://192.168.1.146:8000/catalog/product/40053970,http://192.168.1.146:8000/static/images/products/40053970.jpg,Iyengar Ready Mix - Puliyogare Gojju 200g,Iyengar,40053970,Yes,70.99,0,0
"[""Branded Food"", ""Cooking Pastes and Powders""]",http://192.168.1.146:8000/catalog/product/40059907,http://192.168.1.146:8000/static/images/products/40059907.jpg,Soul  Cooking Paste - Tamarind Pulp 175 g,Soul,40059907,Yes,32.99,0,0
"[""Branded Food"", ""Cooking Pastes and Powders""]",http://192.168.1.146:8000/catalog/product/40007749,http://192.168.1.146:8000/static/images/products/40007749.jpg,Mambalam Iyers Mix - Puliyodharai Rice 200 gm Bottle,Mambalam,40007749,Yes,63.99,0,0
"[""Branded Food"", ""Cooking Pastes and Powders""]",http://192.168.1.146:8000/catalog/product/40053971,http://192.168.1.146:8000/static/images/products/40053971.jpg,Iyengar Ready Mix - Chetni Pudi 200g,Iyengar,40053971,Yes,70.99,0,0
"[""Branded Food"", ""Cooking Pastes and Powders""]",http://192.168.1.146:8000/catalog/product/40007778,http://192.168.1.146:8000/static/images/products/40007778.jpg,Mambalam Iyers Mix - Tomato Rice 200 gm Bottle,Mambalam,40007778,Yes,63.99,0,0
"[""Branded Food"", ""Cooking Pastes and Powders""]",http://192.168.1.146:8000/catalog/product/40026106,http://192.168.1.146:8000/static/images/products/40026106.jpg,Future Organics Powder - Curry Leaf 100 gm Pouch,Future,40026106,Yes,100.99,0,0
"[""Branded Food"", ""Cooking Pastes and Powders""]",http://192.168.1.146:8000/catalog/product/40007776,http://192.168.1.146:8000/static/images/products/40007776.jpg,Mambalam Iyers Mix - Curry Leaf Rice 200 gm Bottle,Mambalam,40007776,Yes,67.99,0,0
"[""Branded Food"", ""Cooking Pastes and Powders""]",http://192.168.1.146:8000/catalog/product/40007777,http://192.168.1.146:8000/static/images/products/40007777.jpg,Mambalam Iyers Mix - Gongura Leaf Rice 200 gm Bottle,Mambalam,40007777,Yes,63.99,0,0
"[""Branded Food"", ""Cooking Pastes and Powders""]",http://192.168.1.146:8000/catalog/product/40053975,http://192.168.1.146:8000/static/images/products/40053975.jpg,Iyengar Ready Mix - Bisibele Bath Mix 200g,Iyengar,40053975,Yes,80.99,0,0
"[""Branded Food"", ""Cooking Pastes and Powders""]",http://192.168.1.146:8000/catalog/product/40053976,http://192.168.1.146:8000/static/images/products/40053976.jpg,Iyengar Ready Mix - Curry Leaves Chetni 200g,Iyengar,40053976,Yes,70.99,0,0
"[""Branded Food"", ""Cooking Pastes and Powders""]",http://192.168.1.146:8000/catalog/product/40007772,http://192.168.1.146:8000/static/images/products/40007772.jpg,Mambalam Iyers Mix - Puli-Ingi Rice 200 gm Bottle,Mambalam,40007772,Yes,63.99,0,0
"[""Branded Food"", ""Cooking Pastes and Powders""]",http://192.168.1.146:8000/catalog/product/800002766,http://192.168.1.146:8000/static/images/products/800002766.jpg,Future Organics Gun Powder 100 g,Future,800002766,Yes,100.99,0,0
"[""Branded Food"", ""Cooking Pastes and Powders""]",http://192.168.1.146:8000/catalog/product/40007773,http://192.168.1.146:8000/static/images/products/40007773.jpg,Mambalam Iyers Mix - Garlic Kuzhambu Rice 200 gm Bottle,Mambalam,40007773,Yes,67.99,0,0
"[""Branded Food"", ""Cooking Pastes and Powders""]",http://192.168.1.146:8000/catalog/product/20004921,http://192.168.1.146:8000/static/images/products/20004921.jpg,Pantai Curry Paste - Green 50 gm,Pantai,20004921,Yes,60.99,0,0
"[""Branded Food"", ""Cooking Pastes and Powders""]",http://192.168.1.146:8000/catalog/product/40053972,http://192.168.1.146:8000/static/images/products/40053972.jpg,Iyengar Ready Mix - Rasam Powder 200g,Iyengar,40053972,Yes,90.99,0,0
"[""Branded Food"", ""Cooking Pastes and Powders""]",http://192.168.1.146:8000/catalog/product/40033433,http://192.168.1.146:8000/static/images/products/40033433.jpg,Maria's Chutney - Prawns Chilli Chammandhi 200 gm,Maria's,40033433,Yes,56.99,0,0
"[""Branded Food"", ""Cooking Pastes and Powders""]",http://192.168.1.146:8000/catalog/product/40007780,http://192.168.1.146:8000/static/images/products/40007780.jpg,Mambalam Iyers Mix - Coriander Leaf Rice 200 gm Bottle,Mambalam,40007780,Yes,67.99,0,0
"[""Branded Food"", ""Cooking Pastes and Powders""]",http://192.168.1.146:8000/catalog/product/40003607,http://192.168.1.146:8000/static/images/products/40003607.jpg,Real Thai Paste - Massaman Curry 227 gm Bottle,Real,40003607,Yes,185.99,0,0
"[""Branded Food"", ""Cooking Pastes and Powders""]",http://192.168.1.146:8000/catalog/product/40033432,http://192.168.1.146:8000/static/images/products/40033432.jpg,Maria's Powder - Prawns Chutney 250 gm,Maria's,40033432,Yes,151.99,0,0
"[""Branded Food"", ""Cooking Pastes and Powders""]",http://192.168.1.146:8000/catalog/product/40007759,http://192.168.1.146:8000/static/images/products/40007759.jpg,Mambalam Iyers Mix - Pudhina Rice 200 gm Bottle,Mambalam,40007759,Yes,67.99,0,0
"[""Branded Food"", ""Cooking Pastes and Powders""]",http://192.168.1.146:8000/catalog/product/30003460,http://192.168.1.146:8000/static/images/products/30003460.jpg,Al' Fez Harissa Paste 100 gm Bottle,Al',30003460,Yes,275.99,0,0
"[""Branded Food"", ""Cooking Pastes and Powders""]",http://192.168.1.146:8000/catalog/product/40026104,http://192.168.1.146:8000/static/images/products/40026104.jpg,Future Organics Powder - Nalla Karam (Usari) 100 gm Pouch,Future,40026104,Yes,100.99,0,0
"[""Branded Food"", ""Cooking Pastes and Powders""]",http://192.168.1.146:8000/catalog/product/40033436,http://192.168.1.146:8000/static/images/products/40033436.jpg,Maria's Chutney - Dry Chilli Chammandi 200 gm,Maria's,40033436,Yes,40.99,0,0
"[""Branded Food"", ""Cooking Pastes and Powders""]",http://192.168.1.146:8000/catalog/product/800000525,http://192.168.1.146:8000/static/images/products/800000525.jpg,Dakshin's Spicy Cloud Powder - Puliogare Mix 150g,Dakshin's,800000525,Yes,105.99,0,0
"[""Branded Food"", ""Cooking Pastes and Powders""]",http://192.168.1.146:8000/catalog/product/40026105,http://192.168.1.146:8000/static/images/products/40026105.jpg,Future Organics Powder - Gingely Seeds 100 gm Pouch,Future,40026105,Yes,100.99,0,0
"[""Branded Food"", ""Cooking Pastes and Powders""]",http://192.168.1.146:8000/catalog/product/40009640,http://192.168.1.146:8000/static/images/products/40009640.jpg,Namjai Paste - Matsaman Curry 400 gm Cup,Namjai,40009640,Yes,275.99,0,0
"[""Branded Food"", ""Cooking Pastes and Powders""]",http://192.168.1.146:8000/catalog/product/70001348,http://192.168.1.146:8000/static/images/products/70001348.jpg,Namjai Paste - Tomyum Curry 35 gm Carton,Namjai,70001348,Yes,50.99,0,0
"[""Branded Food"", ""Cooking Pastes and Powders""]",http://192.168.1.146:8000/catalog/product/70001346,http://192.168.1.146:8000/static/images/products/70001346.jpg,Namjai Paste - Yellow Curry 50 gm Carton,Namjai,70001346,Yes,50.99,0,0
"[""Branded Food"", ""Cooking Pastes and Powders""]",http://192.168.1.146:8000/catalog/product/40022680,http://192.168.1.146:8000/static/images/products/40022680.jpg,Colman's Sauce - Horseradish 250 ml Bottle,Colman's,40022680,Yes,295.99,0,0
"[""Branded Food"", ""Ready to Eat Food""]",http://192.168.1.146:8000/catalog/product/103683,http://192.168.1.146:8000/static/images/products/103683.jpg,Safal Frozen - Green Peas 500 gm Pouch,Safal,103683,Yes,100.99,0,0
"[""Branded Food"", ""Ready to Eat Food""]",http://192.168.1.146:8000/catalog/product/40006613,http://192.168.1.146:8000/static/images/products/40006613.jpg,Safal Frozen - Green Peas 200 gm Pouch,Safal,40006613,Yes,45.99,0,0
"[""Branded Food"", ""Ready to Eat Food""]",http://192.168.1.146:8000/catalog/product/103692,http://192.168.1.146:8000/static/images/products/103692.jpg,Safal Frozen - Green Peas 1 Kg Pouch,Safal,103692,Yes,190.99,0,0
"[""Branded Food"", ""Ready to Eat Food""]",http://192.168.1.146:8000/catalog/product/294904,http://192.168.1.146:8000/static/images/products/294904.jpg,Id Batter - Idli Dosa 2 kg Pouch,Id,294904,Yes,120.99,0,0
"[""Branded Food"", ""Ready to Eat Food""]",http://192.168.1.146:8000/catalog/product/271205,http://192.168.1.146:8000/static/images/products/271205.jpg,Id Batter - Idli Dosa 1 kg Pouch,Id,271205,Yes,65.99,0,0
"[""Branded Food"", ""Ready to Eat Food""]",http://192.168.1.146:8000/catalog/product/245509,http://192.168.1.146:8000/static/images/products/245509.jpg,Dabur Hommade - Coconut Milk 200 ml Carton,Dabur,245509,Yes,75.99,0,0
"[""Branded Food"", ""Ready to Eat Food""]",http://192.168.1.146:8000/catalog/product/40029903,http://192.168.1.146:8000/static/images/products/40029903.jpg,Keya Instant Soup - Tom Yum Veg 60 gm,Keya,40029903,Yes,75.99,0,0
"[""Branded Food"", ""Ready to Eat Food""]",http://192.168.1.146:8000/catalog/product/40053520,http://192.168.1.146:8000/static/images/products/40053520.jpg,Kitchens Of India Masala Mix - Malabari Chicken Stew 285 gm,Kitchens,40053520,Yes,160.99,0,0
"[""Branded Food"", ""Ready to Eat Food""]",http://192.168.1.146:8000/catalog/product/40053969,http://192.168.1.146:8000/static/images/products/40053969.jpg,Popular Papad - Masala 200g,Popular,40053969,Yes,83.99,0,0
"[""Branded Food"", ""Ready to Eat Food""]",http://192.168.1.146:8000/catalog/product/40057403,http://192.168.1.146:8000/static/images/products/40057403.jpg,Maiyas Xpress Rasam Cube 120 g,Maiyas,40057403,Yes,60.99,0,0
"[""Branded Food"", ""Ready to Eat Food""]",http://192.168.1.146:8000/catalog/product/40057404,http://192.168.1.146:8000/static/images/products/40057404.jpg,Maiyas Xpress Rasam Cube 20 g,Maiyas,40057404,Yes,10.99,0,0
"[""Branded Food"", ""Ready to Eat Food""]",http://192.168.1.146:8000/catalog/product/40068882,http://192.168.1.146:8000/static/images/products/40068882.jpg,Knorr Rolls & Wraps Mix - Chicken Chilly Garlic 50 g,Knorr,40068882,Yes,50.99,0,0
"[""Branded Food"", ""Ready to Eat Food""]",http://192.168.1.146:8000/catalog/product/40068880,http://192.168.1.146:8000/static/images/products/40068880.jpg,Knorr Rolls & Wraps Mix - Chicken Masaledar 50 g,Knorr,40068880,Yes,50.99,0,0
"[""Branded Food"", ""Ready to Eat Food""]",http://192.168.1.146:8000/catalog/product/40068881,http://192.168.1.146:8000/static/images/products/40068881.jpg,Knorr Rolls & Wraps Mix - Chinese Chow 50 g,Knorr,40068881,Yes,50.99,0,0
"[""Branded Food"", ""Ready to Eat Food""]",http://192.168.1.146:8000/catalog/product/40068879,http://192.168.1.146:8000/static/images/products/40068879.jpg,Knorr Rolls & Wraps Mix - Tawa Chatpata 50 g,Knorr,40068879,Yes,50.99,0,0
"[""Branded Food"", ""Ready to Eat Food""]",http://192.168.1.146:8000/catalog/product/40069169,http://192.168.1.146:8000/static/images/products/40069169.jpg,MTR Ready Mix - Umpa 500 gm,MTR,40069169,Yes,75.99,0,0
"[""Branded Food"", ""Ready to Eat Food""]",http://192.168.1.146:8000/catalog/product/265966,http://192.168.1.146:8000/static/images/products/265966.jpg,MTR Breakfast Mix - Rava Idli 500 gm Pouch,MTR,265966,Yes,71.39,8.8,80.19
"[""Branded Food"", ""Ready to Eat Food""]",http://192.168.1.146:8000/catalog/product/293387,http://192.168.1.146:8000/static/images/products/293387.jpg,Knorr Instant Tomato Chatpata Cup-A-Soup 16 g Pouch,Knorr,293387,Yes,6.99,2,8.99
"[""Branded Food"", ""Ready to Eat Food""]",http://192.168.1.146:8000/catalog/product/264982,http://192.168.1.146:8000/static/images/products/264982.jpg,Lijjat Papad - Urad 200 gm Pouch,Lijjat,264982,Yes,60.99,0,0
"[""Branded Food"", ""Ready to Eat Food""]",http://192.168.1.146:8000/catalog/product/264981,http://192.168.1.146:8000/static/images/products/264981.jpg,Lijjat Papad - Punjabi Masala 200 gm Pouch,Lijjat,264981,Yes,72.99,0,0
"[""Branded Food"", ""Ready to Eat Food""]",http://192.168.1.146:8000/catalog/product/264984,http://192.168.1.146:8000/static/images/products/264984.jpg,Lijjat Papad - Punjabi Masala 250 gm Pouch,Lijjat,264984,Yes,90.99,0,0
"[""Branded Food"", ""Ready to Eat Food""]",http://192.168.1.146:8000/catalog/product/140448,http://192.168.1.146:8000/static/images/products/140448.jpg,Lijjat Papad - Punjabi Masala 1 kg Pouch,Lijjat,140448,Yes,342.99,0,0
"[""Branded Food"", ""Ready to Eat Food""]",http://192.168.1.146:8000/catalog/product/30000369,http://192.168.1.146:8000/static/images/products/30000369.jpg,McCain French Fries 200 gm Pouch,McCain,30000369,Yes,40.99,0,0
"[""Branded Food"", ""Ready to Eat Food""]",http://192.168.1.146:8000/catalog/product/40016655,http://192.168.1.146:8000/static/images/products/40016655.jpg,Knorr Instant Sweet Corn Cup-A-Soup 12 g Pouch,Knorr,40016655,Yes,6.99,2,8.99
"[""Branded Food"", ""Ready to Eat Food""]",http://192.168.1.146:8000/catalog/product/40069080,http://192.168.1.146:8000/static/images/products/40069080.jpg,MTR Ready To Eat - Khatta Meetha Poha 80 gm,MTR,40069080,Yes,36.99,4.5,41.49
"[""Branded Food"", ""Ready to Eat Food""]",http://192.168.1.146:8000/catalog/product/40069168,http://192.168.1.146:8000/static/images/products/40069168.jpg,MTR Ready Mix - Khaman Dhokla 500 gm,MTR,40069168,Yes,95.99,0,0
"[""Branded Food"", ""Ready to Eat Food""]",http://192.168.1.146:8000/catalog/product/40069081,http://192.168.1.146:8000/static/images/products/40069081.jpg,MTR Ready To Eat - Poha 80 gm,MTR,40069081,Yes,36.99,4.5,41.49
"[""Branded Food"", ""Ready to Eat Food""]",http://192.168.1.146:8000/catalog/product/40006616,http://192.168.1.146:8000/static/images/products/40006616.jpg,Safal Frozen - Sweet Corn 200 gm Pouch,Safal,40006616,Yes,35.99,0,0
"[""Branded Food"", ""Ready to Eat Food""]",http://192.168.1.146:8000/catalog/product/40006608,http://192.168.1.146:8000/static/images/products/40006608.jpg,Safal Frozen - Sweet Corn 500 gm Pouch,Safal,40006608,Yes,70.99,0,0
"[""Branded Food"", ""Ready to Eat Food""]",http://192.168.1.146:8000/catalog/product/157375,http://192.168.1.146:8000/static/images/products/157375.jpg,MTR Breakfast Mix - Rava Idli 1 kg Pouch,MTR,157375,Yes,150.99,0,0
"[""Branded Food"", ""Ready to Eat Food""]",http://192.168.1.146:8000/catalog/product/101489,http://192.168.1.146:8000/static/images/products/101489.jpg,McCain Smiles - Crispy Happy Potatoes 415 gm Pouch,McCain,101489,Yes,100.99,0,0
"[""Branded Food"", ""Ready to Eat Food""]",http://192.168.1.146:8000/catalog/product/103730,http://192.168.1.146:8000/static/images/products/103730.jpg,Safal Frozen - Mixed Vegetables 500 gm Pouch,Safal,103730,Yes,50.99,0,0
"[""Branded Food"", ""Ready to Eat Food""]",http://192.168.1.146:8000/catalog/product/40008992,http://192.168.1.146:8000/static/images/products/40008992.jpg,Very Berry Fruits Blueberries - Frozen 200 gm Carton,Very,40008992,Yes,235.99,0,0
"[""Branded Food"", ""Ready to Eat Food""]",http://192.168.1.146:8000/catalog/product/40068729,http://192.168.1.146:8000/static/images/products/40068729.jpg,Terra Greens Ready Mix - Quinoa Upma 400 gm,Terra,40068729,Yes,550.99,0,0
"[""Branded Food"", ""Ready to Eat Food""]",http://192.168.1.146:8000/catalog/product/293388,http://192.168.1.146:8000/static/images/products/293388.jpg,Knorr Instant Mixed Vegetable Cup-A-Soup 11 g Pouch,Knorr,293388,Yes,6.99,2,8.99
"[""Branded Food"", ""Ready to Eat Food""]",http://192.168.1.146:8000/catalog/product/40001448,http://192.168.1.146:8000/static/images/products/40001448.jpg,MTR Papad - Plain 200 gm Pouch,MTR,40001448,Yes,78.99,0,0
"[""Branded Food"", ""Ready to Eat Food""]",http://192.168.1.146:8000/catalog/product/40001447,http://192.168.1.146:8000/static/images/products/40001447.jpg,MTR Papad - Plain 100 gm Pouch,MTR,40001447,Yes,45.99,0,0
"[""Branded Food"", ""Ready to Eat Food""]",http://192.168.1.146:8000/catalog/product/40036726,http://192.168.1.146:8000/static/images/products/40036726.jpg,Tasty Batter - Idly & Dosa 1 kg,Tasty,40036726,Yes,55.99,0,0
"[""Branded Food"", ""Ready to Eat Food""]",http://192.168.1.146:8000/catalog/product/40000515,http://192.168.1.146:8000/static/images/products/40000515.jpg,McCain Potato Bites - Chilli Garlic 200 gm Pouch,McCain,40000515,Yes,40.99,0,0
"[""Branded Food"", ""Ready to Eat Food""]",http://192.168.1.146:8000/catalog/product/40017641,http://192.168.1.146:8000/static/images/products/40017641.jpg,MTR Poha 180 gm,MTR,40017641,Yes,28.99,3.5,32.49
"[""Branded Food"", ""Ready to Eat Food""]",http://192.168.1.146:8000/catalog/product/264983,http://192.168.1.146:8000/static/images/products/264983.jpg,Lijjat Papad - Jeera 200 gm Pouch,Lijjat,264983,Yes,60.99,0,0
"[""Grocery and Staples"", ""Rice and Rice Products"", ""Basmati Rice""]",http://192.168.1.146:8000/catalog/product/40000750,http://192.168.1.146:8000/static/images/products/40000750.jpg,India Gate Basmati Rice - Mogra 5 kg Bag,India,40000750,Yes,239.99,18,257.99
"[""Grocery and Staples"", ""Rice and Rice Products"", ""Basmati Rice""]",http://192.168.1.146:8000/catalog/product/40020817,http://192.168.1.146:8000/static/images/products/40020817.jpg,Bemisal Basmati Rice - Mother's Choice 1 kg Pouch,Bemisal,40020817,Yes,165.99,0,0
"[""Grocery and Staples"", ""Rice and Rice Products"", ""Basmati Rice""]",http://192.168.1.146:8000/catalog/product/20004911,http://192.168.1.146:8000/static/images/products/20004911.jpg,Best Special Rice 1 kg Pouch,Best,20004911,Yes,160.99,0,0
"[""Grocery and Staples"", ""Rice and Rice Products"", ""Basmati Rice""]",http://192.168.1.146:8000/catalog/product/283426,http://192.168.1.146:8000/static/images/products/283426.jpg,India Gate Basmati Rice - Feast Rozzana 5 kg Pouch,India,283426,Yes,316.99,22,338.99
"[""Grocery and Staples"", ""Rice and Rice Products"", ""Basmati Rice""]",http://192.168.1.146:8000/catalog/product/30000590,http://192.168.1.146:8000/static/images/products/30000590.jpg,India Gate Basmati Rice - Feast Rozzana 1 kg Pouch,India,30000590,Yes,80.99,2,82.99
"[""Grocery and Staples"", ""Rice and Rice Products"", ""Basmati Rice""]",http://192.168.1.146:8000/catalog/product/300959,http://192.168.1.146:8000/static/images/products/300959.jpg,Best Rice - Special 5 kg Pouch,Best,300959,Yes,299.99,0,0
"[""Grocery and Staples"", ""Rice and Rice Products"", ""Basmati Rice""]",http://192.168.1.146:8000/catalog/product/40018398,http://192.168.1.146:8000/static/images/products/40018398.jpg,Elina Basmati Rice 1 kg,Elina,40018398,Yes,175.99,0,0
"[""Grocery and Staples"", ""Rice and Rice Products"", ""Basmati Rice""]",http://192.168.1.146:8000/catalog/product/40073396,http://192.168.1.146:8000/static/images/products/40073396.jpg,"Kohinoor Basmati Rice - Super Value, 25% Extra 1 kg",Kohinoor,40073396,Yes,139.99,0,0
"[""Grocery and Staples"", ""Rice and Rice Products"", ""Basmati Rice""]",http://192.168.1.146:8000/catalog/product/40073397,http://192.168.1.146:8000/static/images/products/40073397.jpg,"Kohinoor Basmati Rice - Super Value, 25% Extra 5 kg",Kohinoor,40073397,Yes,690.99,0,0
"[""Grocery and Staples"", ""Rice and Rice Products"", ""Basmati Rice""]",http://192.168.1.146:8000/catalog/product/40018401,http://192.168.1.146:8000/static/images/products/40018401.jpg,Elina Long Grain Rice 5 kg,Elina,40018401,Yes,219.99,0,0
"[""Grocery and Staples"", ""Rice and Rice Products"", ""Basmati Rice""]",http://192.168.1.146:8000/catalog/product/255850,http://192.168.1.146:8000/static/images/products/255850.jpg,Daawat  Basmati Rice - Biryani 1 kg Pouch,Daawat,255850,Yes,175.99,10,185.99
"[""Grocery and Staples"", ""Rice and Rice Products"", ""Basmati Rice""]",http://192.168.1.146:8000/catalog/product/220612,http://192.168.1.146:8000/static/images/products/220612.jpg,India Gate Basmati Rice - Dubar 5 kg Pouch,India,220612,Yes,353.99,46,399.99
"[""Grocery and Staples"", ""Rice and Rice Products"", ""Basmati Rice""]",http://192.168.1.146:8000/catalog/product/280154,http://192.168.1.146:8000/static/images/products/280154.jpg,India Gate Basmati Rice - Dubar 1 kg Pouch,India,280154,Yes,84.99,3,87.99
"[""Grocery and Staples"", ""Rice and Rice Products"", ""Basmati Rice""]",http://192.168.1.146:8000/catalog/product/255848,http://192.168.1.146:8000/static/images/products/255848.jpg,Daawat  Basmati Rice - Super 1 kg Pouch,Daawat,255848,Yes,132.99,9,141.99
"[""Grocery and Staples"", ""Rice and Rice Products"", ""Basmati Rice""]",http://192.168.1.146:8000/catalog/product/204002,http://192.168.1.146:8000/static/images/products/204002.jpg,India Gate Basmati Rice - Classic 5 kg Bag,India,204002,Yes,783.99,146,929.99
"[""Grocery and Staples"", ""Rice and Rice Products"", ""Basmati Rice""]",http://192.168.1.146:8000/catalog/product/243336,http://192.168.1.146:8000/static/images/products/243336.jpg,India Gate Basmati Rice - Classic 1 kg Pouch,India,243336,Yes,176.99,20,196.99
"[""Grocery and Staples"", ""Rice and Rice Products"", ""Basmati Rice""]",http://192.168.1.146:8000/catalog/product/243337,http://192.168.1.146:8000/static/images/products/243337.jpg,India Gate Basmati Rice - Tibar 1 kg Pouch,India,243337,Yes,84.99,6,90.99
"[""Grocery and Staples"", ""Rice and Rice Products"", ""Basmati Rice""]",http://192.168.1.146:8000/catalog/product/190594,http://192.168.1.146:8000/static/images/products/190594.jpg,India Gate Basmati Rice - Super 5 kg Bag,India,190594,Yes,378.99,146,524.99
"[""Grocery and Staples"", ""Rice and Rice Products"", ""Basmati Rice""]",http://192.168.1.146:8000/catalog/product/243335,http://192.168.1.146:8000/static/images/products/243335.jpg,India Gate Basmati Rice - Super 1 kg Pouch,India,243335,Yes,123.99,6,129.99
"[""Grocery and Staples"", ""Rice and Rice Products"", ""Basmati Rice""]",http://192.168.1.146:8000/catalog/product/298111,http://192.168.1.146:8000/static/images/products/298111.jpg,Best Select - Basmati Rice 5 kg Pouch,Best,298111,Yes,349.99,0,0
"[""Grocery and Staples"", ""Rice and Rice Products"", ""Basmati Rice""]",http://192.168.1.146:8000/catalog/product/298110,http://192.168.1.146:8000/static/images/products/298110.jpg,Best Select - Basmati Rice 1 kg pouch,Best,298110,Yes,75.99,0,0
"[""Grocery and Staples"", ""Rice and Rice Products"", ""Basmati Rice""]",http://192.168.1.146:8000/catalog/product/100005768,http://192.168.1.146:8000/static/images/products/100005768.jpg,Charminar Basmati Rice 1 kg Pouch,Charminar,100005768,Yes,63.99,18,81.99
"[""Grocery and Staples"", ""Rice and Rice Products"", ""Basmati Rice""]",http://192.168.1.146:8000/catalog/product/204001,http://192.168.1.146:8000/static/images/products/204001.jpg,Charminar Basmati Rice 5 kg Pouch,Charminar,204001,Yes,380.99,55,435.99
"[""Grocery and Staples"", ""Rice and Rice Products"", ""Basmati Rice""]",http://192.168.1.146:8000/catalog/product/100448826,http://192.168.1.146:8000/static/images/products/100448826.jpg,Best Premium - Basmati Rice 1 kg Pouch,Best,100448826,Yes,210.99,0,0
"[""Grocery and Staples"", ""Rice and Rice Products"", ""Basmati Rice""]",http://192.168.1.146:8000/catalog/product/20004912,http://192.168.1.146:8000/static/images/products/20004912.jpg,Best Premium - Basmati Rice 5 kg Pouch,Best,20004912,Yes,499.99,0,0
"[""Grocery and Staples"", ""Rice and Rice Products"", ""Basmati Rice""]",http://192.168.1.146:8000/catalog/product/204005,http://192.168.1.146:8000/static/images/products/204005.jpg,Daawat  Basmati Rice - Rozana 5 kg Pouch,Daawat,204005,Yes,347.99,29,376.99
"[""Grocery and Staples"", ""Rice and Rice Products"", ""Basmati Rice""]",http://192.168.1.146:8000/catalog/product/255849,http://192.168.1.146:8000/static/images/products/255849.jpg,Daawat  Basmati Rice - Rozana 1 kg Pouch,Daawat,255849,Yes,68.99,5,73.99
"[""Grocery and Staples"", ""Rice and Rice Products"", ""Basmati Rice""]",http://192.168.1.146:8000/catalog/product/100482055,http://192.168.1.146:8000/static/images/products/100482055.jpg,Daawat  Basmati Rice - Brown (Quick Cooking) 1 kg Jar,Daawat,100482055,Yes,152.99,9,161.99
"[""Grocery and Staples"", ""Rice and Rice Products"", ""Basmati Rice""]",http://192.168.1.146:8000/catalog/product/40011798,http://192.168.1.146:8000/static/images/products/40011798.jpg,bb Royal Basmati Rice 5 kg Pouch,bb Royal,40011798,Yes,468.99,41,509.99
"[""Grocery and Staples"", ""Rice and Rice Products"", ""Basmati Rice""]",http://192.168.1.146:8000/catalog/product/10000455,http://192.168.1.146:8000/static/images/products/10000455.jpg,bb Royal Basmati Rice 1 kg Pouch,bb Royal,10000455,Yes,100.99,5,105.99
"[""Grocery and Staples"", ""Rice and Rice Products"", ""Basmati Rice""]",http://192.168.1.146:8000/catalog/product/214217,http://192.168.1.146:8000/static/images/products/214217.jpg,Devaaya Basmati Rice 5 kg Pouch,Devaaya,214217,Yes,333.99,46,379.99
"[""Grocery and Staples"", ""Rice and Rice Products"", ""Basmati Rice""]",http://192.168.1.146:8000/catalog/product/255851,http://192.168.1.146:8000/static/images/products/255851.jpg,Devaaya Basmati Rice 1 kg Pouch,Devaaya,255851,Yes,77.99,4,81.99
"[""Grocery and Staples"", ""Rice and Rice Products"", ""Basmati Rice""]",http://192.168.1.146:8000/catalog/product/271541,http://192.168.1.146:8000/static/images/products/271541.jpg,Kohinoor Basmati Rice - Extra Long 1 kg Pouch,Kohinoor,271541,Yes,157.99,16,173.99
"[""Grocery and Staples"", ""Rice and Rice Products"", ""Basmati Rice""]",http://192.168.1.146:8000/catalog/product/271070,http://192.168.1.146:8000/static/images/products/271070.jpg,Kohinoor Basmati Rice - Extra Long 5 kg Bag,Kohinoor,271070,Yes,798.99,71,869.99
"[""Grocery and Staples"", ""Rice and Rice Products"", ""Basmati Rice""]",http://192.168.1.146:8000/catalog/product/40018400,http://192.168.1.146:8000/static/images/products/40018400.jpg,Elina Long Grain Rice 1 kg,Elina,40018400,Yes,160.99,0,0
"[""Grocery and Staples"", ""Rice and Rice Products"", ""Basmati Rice""]",http://192.168.1.146:8000/catalog/product/190593,http://192.168.1.146:8000/static/images/products/190593.jpg,Kohinoor Platinum - Basmati Rice 5 kg Bag,Kohinoor,190593,Yes,880.99,55,935.99
"[""Grocery and Staples"", ""Rice and Rice Products"", ""Basmati Rice""]",http://192.168.1.146:8000/catalog/product/214216,http://192.168.1.146:8000/static/images/products/214216.jpg,Daawat  Basmati Rice - Traditional 5 kg Pouch,Daawat,214216,Yes,828.99,71,899.99
"[""Grocery and Staples"", ""Rice and Rice Products"", ""Basmati Rice""]",http://192.168.1.146:8000/catalog/product/255843,http://192.168.1.146:8000/static/images/products/255843.jpg,Daawat  Basmati Rice - Super 5 kg Pouch,Daawat,255843,Yes,640.99,55,695.99
"[""Grocery and Staples"", ""Rice and Rice Products"", ""Basmati Rice""]",http://192.168.1.146:8000/catalog/product/247282,http://192.168.1.146:8000/static/images/products/247282.jpg,Daawat  Basmati Rice - Traditional 1 kg Pouch,Daawat,247282,Yes,177.99,9,186.99
"[""Grocery and Staples"", ""Rice and Rice Products"", ""Basmati Rice""]",http://192.168.1.146:8000/catalog/product/40023462,http://192.168.1.146:8000/static/images/products/40023462.jpg,Kohinoor Basmati Rice - Mogra 5 kg Bag,Kohinoor,40023462,Yes,218.99,81,299.99
"[""Grocery and Staples"", ""Rice and Rice Products"", ""Basmati Rice""]",http://192.168.1.146:8000/catalog/product/100454923,http://192.168.1.146:8000/static/images/products/100454923.jpg,Best Brown - Basmati Rice 1 kg Jar,Best,100454923,Yes,60.99,45,105.99
"[""Grocery and Staples"", ""Rice and Rice Products"", ""Basmati Rice""]",http://192.168.1.146:8000/catalog/product/30009317,http://192.168.1.146:8000/static/images/products/30009317.jpg,Kohinoor Charminar Special - Pulao Rice 5 kg Pouch,Kohinoor,30009317,Yes,268.99,81,349.99
"[""Grocery and Staples"", ""Rice and Rice Products"", ""Basmati Rice""]",http://192.168.1.146:8000/catalog/product/40018399,http://192.168.1.146:8000/static/images/products/40018399.jpg,Elina Basmati Rice 5 kg,Elina,40018399,Yes,299.99,0,0
"[""Grocery and Staples"", ""Rice and Rice Products"", ""Basmati Rice""]",http://192.168.1.146:8000/catalog/product/30009318,http://192.168.1.146:8000/static/images/products/30009318.jpg,Kohinoor Charminar Special - Pulao Rice 1 kg Pouch,Kohinoor,30009318,Yes,67.99,6,73.99
"[""Grocery and Staples"", ""Rice and Rice Products"", ""Basmati Rice""]",http://192.168.1.146:8000/catalog/product/70000480,http://192.168.1.146:8000/static/images/products/70000480.jpg,Fortune  Basmati Rice - Biryani Special 5 kg Pouch,Fortune,70000480,Yes,643.17,23.91,667.08
"[""Grocery and Staples"", ""Rice and Rice Products"", ""Basmati Rice""]",http://192.168.1.146:8000/catalog/product/40006525,http://192.168.1.146:8000/static/images/products/40006525.jpg,Daawat  Dubar Basmati Rice 1 kg Pouch,Daawat,40006525,Yes,77.99,3,80.99
"[""Grocery and Staples"", ""Rice and Rice Products"", ""Basmati Rice""]",http://192.168.1.146:8000/catalog/product/40027980,http://192.168.1.146:8000/static/images/products/40027980.jpg,bb Royal Premium Basmati Rice 1 kg Pouch,bb Royal,40027980,Yes,88.99,21,109.99
"[""Grocery and Staples"", ""Rice and Rice Products"", ""Basmati Rice""]",http://192.168.1.146:8000/catalog/product/40027981,http://192.168.1.146:8000/static/images/products/40027981.jpg,bb Royal Premium Basmati Rice 5 kg Pouch,bb Royal,40027981,Yes,460.99,60,520.99
"[""Grocery and Staples"", ""Rice and Rice Products"", ""Basmati Rice""]",http://192.168.1.146:8000/catalog/product/40022617,http://192.168.1.146:8000/static/images/products/40022617.jpg,Fortune  Basmati Rice - Rozana 5 kg Pouch,Fortune,40022617,Yes,422.97,21.51,444.48
"[""Grocery and Staples"", ""Rice and Rice Products"", ""Basmati Rice""]",http://192.168.1.146:8000/catalog/product/100454924,http://192.168.1.146:8000/static/images/products/100454924.jpg,Best Shahi Pakwan Fine Rice 1 kg Pouch,Best,100454924,Yes,2.99,59,61.99
"[""Grocery and Staples"", ""Rice and Rice Products"", ""Basmati Rice""]",http://192.168.1.146:8000/catalog/product/271557,http://192.168.1.146:8000/static/images/products/271557.jpg,Kohinoor Basmati Rice - Authentic Super Silky 1 kg Pouch,Kohinoor,271557,Yes,178.99,21,199.99
"[""Grocery and Staples"", ""Rice and Rice Products"", ""Basmati Rice""]",http://192.168.1.146:8000/catalog/product/70000482,http://192.168.1.146:8000/static/images/products/70000482.jpg,Fortune  Basmati Rice - Super 5 kg Pouch,Fortune,70000482,Yes,706.13,17.43,723.56
"[""Grocery and Staples"", ""Rice and Rice Products"", ""Basmati Rice""]",http://192.168.1.146:8000/catalog/product/70000481,http://192.168.1.146:8000/static/images/products/70000481.jpg,Fortune  Basmati Rice - Super 1 kg Pouch,Fortune,70000481,Yes,130.99,10,140.99
"[""Grocery and Staples"", ""Rice and Rice Products"", ""Basmati Rice""]",http://192.168.1.146:8000/catalog/product/278779,http://192.168.1.146:8000/static/images/products/278779.jpg,Amira Basmati Rice - Extra long 1 kg Pouch,Amira,278779,Yes,198.99,11,209.99
"[""Grocery and Staples"", ""Rice and Rice Products"", ""Basmati Rice""]",http://192.168.1.146:8000/catalog/product/40004406,http://192.168.1.146:8000/static/images/products/40004406.jpg,Best Super Premium - Basmati Rice 1 kg Pouch,Best,40004406,Yes,110.99,70,180.99
"[""Grocery and Staples"", ""Rice and Rice Products"", ""Basmati Rice""]",http://192.168.1.146:8000/catalog/product/40024194,http://192.168.1.146:8000/static/images/products/40024194.jpg,Amira Organic Basmati Rice - Traditional White 1 kg Pouch,Amira,40024194,Yes,154.99,18,172.99
"[""Grocery and Staples"", ""Rice and Rice Products"", ""Basmati Rice""]",http://192.168.1.146:8000/catalog/product/275435,http://192.168.1.146:8000/static/images/products/275435.jpg,Amira Basmati Rice - Day To Day 5 kg Pouch,Amira,275435,Yes,366.99,0,0
"[""Grocery and Staples"", ""Rice and Rice Products"", ""Basmati Rice""]",http://192.168.1.146:8000/catalog/product/40018002,http://192.168.1.146:8000/static/images/products/40018002.jpg,Shrilalmahal Empire Basmati Rice 1 kg,Shrilalmahal,40018002,Yes,88.99,61,149.99
"[""Grocery and Staples"", ""Rice and Rice Products"", ""Basmati Rice""]",http://192.168.1.146:8000/catalog/product/40035512,http://192.168.1.146:8000/static/images/products/40035512.jpg,bb Royal Brown Basmati Rice 5 kg Pouch,bb Royal,40035512,Yes,600.99,50,650.99
"[""Grocery and Staples"", ""Rice and Rice Products"", ""Basmati Rice""]",http://192.168.1.146:8000/catalog/product/40040303,http://192.168.1.146:8000/static/images/products/40040303.jpg,Best Super Premium - Basmati Rice 5 kg,Best,40040303,Yes,598.99,301,899.99
"[""Grocery and Staples"", ""Rice and Rice Products"", ""Basmati Rice""]",http://192.168.1.146:8000/catalog/product/40021891,http://192.168.1.146:8000/static/images/products/40021891.jpg,Nature'S Gift Basmati Rice - Celebration 1 kg Pouch,Nature'S,40021891,Yes,82.99,47,129.99
"[""Grocery and Staples"", ""Rice and Rice Products"", ""Basmati Rice""]",http://192.168.1.146:8000/catalog/product/40021898,http://192.168.1.146:8000/static/images/products/40021898.jpg,Nature'S Gift Basmati Rice - Daily Meal 1 kg Pouch,Nature'S,40021898,Yes,18.99,62,80.99
"[""Grocery and Staples"", ""Rice and Rice Products"", ""Basmati Rice""]",http://192.168.1.146:8000/catalog/product/40021893,http://192.168.1.146:8000/static/images/products/40021893.jpg,Nature'S Gift Basmati Rice - Classic 1 kg Pouch,Nature'S,40021893,Yes,99.99,0,0
"[""Grocery and Staples"", ""Rice and Rice Products"", ""Basmati Rice""]",http://192.168.1.146:8000/catalog/product/40021894,http://192.168.1.146:8000/static/images/products/40021894.jpg,Nature'S Gift Basmati Rice - Classic 5 kg Pouch,Nature'S,40021894,Yes,318.99,181,499.99
"[""Grocery and Staples"", ""Rice and Rice Products"", ""Basmati Rice""]",http://192.168.1.146:8000/catalog/product/20004846,http://192.168.1.146:8000/static/images/products/20004846.jpg,Amira Basmati Rice - Guru Extra Long Grain 1 kg Pouch,Amira,20004846,Yes,200.99,0,0
"[""Grocery and Staples"", ""Rice and Rice Products"", ""Basmati Rice""]",http://192.168.1.146:8000/catalog/product/40018004,http://192.168.1.146:8000/static/images/products/40018004.jpg,Shrilalmahal Heena Basmati 1 kg,Shrilalmahal,40018004,Yes,155.99,0,0
"[""Grocery and Staples"", ""Rice and Rice Products"", ""Basmati Rice""]",http://192.168.1.146:8000/catalog/product/40044434,http://192.168.1.146:8000/static/images/products/40044434.jpg,Alishaan Basmati Rice - Aroma A1 1 kg,Alishaan,40044434,Yes,185.99,0,0
"[""Grocery and Staples"", ""Rice and Rice Products"", ""Basmati Rice""]",http://192.168.1.146:8000/catalog/product/40044439,http://192.168.1.146:8000/static/images/products/40044439.jpg,Alishaan Basmati Rice - Aroma A3 1 kg,Alishaan,40044439,Yes,165.99,0,0
"[""Grocery and Staples"", ""Rice and Rice Products"", ""Basmati Rice""]",http://192.168.1.146:8000/catalog/product/40044441,http://192.168.1.146:8000/static/images/products/40044441.jpg,Alishaan Basmati Rice - Aroma A4 1 kg,Alishaan,40044441,Yes,145.99,0,0
"[""Grocery and Staples"", ""Rice and Rice Products"", ""Basmati Rice""]",http://192.168.1.146:8000/catalog/product/40044437,http://192.168.1.146:8000/static/images/products/40044437.jpg,Alishaan Basmati Rice - Delight 1 kg,Alishaan,40044437,Yes,175.99,0,0
"[""Grocery and Staples"", ""Rice and Rice Products"", ""Basmati Rice""]",http://192.168.1.146:8000/catalog/product/40057967,http://192.168.1.146:8000/static/images/products/40057967.jpg,Alishaan Basmati Rice - Superba Long Grain 1 kg,Alishaan,40057967,Yes,180.99,0,0
"[""Grocery and Staples"", ""Rice and Rice Products"", ""Basmati Rice""]",http://192.168.1.146:8000/catalog/product/40057968,http://192.168.1.146:8000/static/images/products/40057968.jpg,Alishaan Basmati Rice - Superba Long Grain 5 kg,Alishaan,40057968,Yes,895.99,0,0
"[""Grocery and Staples"", ""Rice and Rice Products"", ""Basmati Rice""]",http://192.168.1.146:8000/catalog/product/40044443,http://192.168.1.146:8000/static/images/products/40044443.jpg,Alishaan Basmati Rice - Ultima A1 10 kg,Alishaan,40044443,Yes,1120.99,0,0
"[""Grocery and Staples"", ""Rice and Rice Products"", ""Basmati Rice""]",http://192.168.1.146:8000/catalog/product/40065849,http://192.168.1.146:8000/static/images/products/40065849.jpg,Lal Qilla Basmati Rice - Excel Mungra 10 kg,Lal,40065849,Yes,368.99,31,399.99
"[""Grocery and Staples"", ""Rice and Rice Products"", ""Basmati Rice""]",http://192.168.1.146:8000/catalog/product/305651,http://192.168.1.146:8000/static/images/products/305651.jpg,Kohinoor Basmatic Rice - Special Rozana 1 kg Pouch,Kohinoor,305651,Yes,69.99,0,0
"[""Grocery and Staples"", ""Rice and Rice Products"", ""Basmati Rice""]",http://192.168.1.146:8000/catalog/product/70000075,http://192.168.1.146:8000/static/images/products/70000075.jpg,bb Popular Dubar Basmati Rice 1 kg Pouch,bb Popular,70000075,Yes,70.99,5,75.99
"[""Grocery and Staples"", ""Rice and Rice Products"", ""Basmati Rice""]",http://192.168.1.146:8000/catalog/product/40017999,http://192.168.1.146:8000/static/images/products/40017999.jpg,Shrilalmahal Basmati Rice Supreme 527 1 kg,Shrilalmahal,40017999,Yes,110.99,0,0
"[""Grocery and Staples"", ""Rice and Rice Products"", ""Basmati Rice""]",http://192.168.1.146:8000/catalog/product/40027979,http://192.168.1.146:8000/static/images/products/40027979.jpg,bb Royal Brown Basmati Rice 1 kg Pouch,bb Royal,40027979,Yes,130.99,0,0
"[""Grocery and Staples"", ""Rice and Rice Products"", ""Basmati Rice""]",http://192.168.1.146:8000/catalog/product/30002368,http://192.168.1.146:8000/static/images/products/30002368.jpg,Kohinoor Basmati Rice - Every day 1 kg Pouch,Kohinoor,30002368,Yes,95.99,0,0
"[""Grocery and Staples"", ""Rice and Rice Products"", ""Basmati Rice""]",http://192.168.1.146:8000/catalog/product/100448859,http://192.168.1.146:8000/static/images/products/100448859.jpg,Best Select - Basmati Rice 1 kg Pouch,Best,100448859,Yes,160.99,0,0
"[""Grocery and Staples"", ""Flours and Sooji"", ""Other Flours""]",http://192.168.1.146:8000/catalog/product/284420,http://192.168.1.146:8000/static/images/products/284420.jpg,Aashirvaad Atta - Multigrains 5 kg Pouch,Aashirvaad,284420,Yes,235.99,10,245.99
"[""Grocery and Staples"", ""Flours and Sooji"", ""Other Flours""]",http://192.168.1.146:8000/catalog/product/284422,http://192.168.1.146:8000/static/images/products/284422.jpg,Aashirvaad Atta - Multigrains 1 kg Pouch,Aashirvaad,284422,Yes,52.99,0,0
"[""Grocery and Staples"", ""Flours and Sooji"", ""Other Flours""]",http://192.168.1.146:8000/catalog/product/255505,http://192.168.1.146:8000/static/images/products/255505.jpg,Pillsbury Atta - Multigrain 5 kg Pouch,Pillsbury,255505,Yes,225.99,15,240.99
"[""Grocery and Staples"", ""Flours and Sooji"", ""Other Flours""]",http://192.168.1.146:8000/catalog/product/255516,http://192.168.1.146:8000/static/images/products/255516.jpg,Pillsbury Atta - Multi Grain 1 kg Pouch,Pillsbury,255516,Yes,52.99,0,0
"[""Grocery and Staples"", ""Flours and Sooji"", ""Other Flours""]",http://192.168.1.146:8000/catalog/product/40026889,http://192.168.1.146:8000/static/images/products/40026889.jpg,Patanjali Whole Wheat Atta  10 kg,Patanjali,40026889,Yes,310.99,0,0
"[""Grocery and Staples"", ""Flours and Sooji"", ""Other Flours""]",http://192.168.1.146:8000/catalog/product/40026890,http://192.168.1.146:8000/static/images/products/40026890.jpg,Patanjali Whole Wheat Atta 5 kg,Patanjali,40026890,Yes,170.99,0,0
"[""Grocery and Staples"", ""Flours and Sooji"", ""Other Flours""]",http://192.168.1.146:8000/catalog/product/286624,http://192.168.1.146:8000/static/images/products/286624.jpg,Manna  Health Mix 500 gm Carton,Manna,286624,Yes,190.99,0,0
"[""Grocery and Staples"", ""Flours and Sooji"", ""Other Flours""]",http://192.168.1.146:8000/catalog/product/20000565,http://192.168.1.146:8000/static/images/products/20000565.jpg,bb Royal Corn Flour/Makka Atta 500 gm Pouch,bb Royal,20000565,Yes,23.99,6,29.99
"[""Grocery and Staples"", ""Flours and Sooji"", ""Other Flours""]",http://192.168.1.146:8000/catalog/product/20000411,http://192.168.1.146:8000/static/images/products/20000411.jpg,bb Royal Jowar Flour 500 gm Pouch,bb Royal,20000411,Yes,15.99,10,25.99
"[""Grocery and Staples"", ""Flours and Sooji"", ""Other Flours""]",http://192.168.1.146:8000/catalog/product/100004628,http://192.168.1.146:8000/static/images/products/100004628.jpg,MTR Powder - Chutney 200 gm Pouch,MTR,100004628,Yes,46.49,9.75,56.24
"[""Grocery and Staples"", ""Flours and Sooji"", ""Other Flours""]",http://192.168.1.146:8000/catalog/product/260769,http://192.168.1.146:8000/static/images/products/260769.jpg,MTR Powder - Puliogare 100 gm Pouch,MTR,260769,Yes,28.99,6,34.99
"[""Grocery and Staples"", ""Flours and Sooji"", ""Other Flours""]",http://192.168.1.146:8000/catalog/product/268035,http://192.168.1.146:8000/static/images/products/268035.jpg,MTR Powder - Puliogare 200 gm pouch,MTR,268035,Yes,49.99,10.5,60.49
"[""Grocery and Staples"", ""Flours and Sooji"", ""Other Flours""]",http://192.168.1.146:8000/catalog/product/40018183,http://192.168.1.146:8000/static/images/products/40018183.jpg,bb Royal Maize Flour/Makka Atta 500 gm Pouch,bb Royal,40018183,Yes,15.99,7,22.99
"[""Grocery and Staples"", ""Flours and Sooji"", ""Other Flours""]",http://192.168.1.146:8000/catalog/product/10000473,http://192.168.1.146:8000/static/images/products/10000473.jpg,bb Royal Ragi Flour 500 gm Pouch,bb Royal,10000473,Yes,13.99,3.5,17.49
"[""Grocery and Staples"", ""Flours and Sooji"", ""Other Flours""]",http://192.168.1.146:8000/catalog/product/10000469,http://192.168.1.146:8000/static/images/products/10000469.jpg,bb Royal Ragi Flour 1 kg Pouch,bb Royal,10000469,Yes,26.99,6,32.99
"[""Grocery and Staples"", ""Flours and Sooji"", ""Other Flours""]",http://192.168.1.146:8000/catalog/product/40018191,http://192.168.1.146:8000/static/images/products/40018191.jpg,bb Royal Bajra Flour 500 gm Pouch,bb Royal,40018191,Yes,23.99,6,29.99
"[""Grocery and Staples"", ""Flours and Sooji"", ""Other Flours""]",http://192.168.1.146:8000/catalog/product/40018905,http://192.168.1.146:8000/static/images/products/40018905.jpg,bb Royal Sattu Atta 500 gm Pouch,bb Royal,40018905,Yes,78.99,10,88.99
"[""Grocery and Staples"", ""Flours and Sooji"", ""Other Flours""]",http://192.168.1.146:8000/catalog/product/256133,http://192.168.1.146:8000/static/images/products/256133.jpg,Sri Bhagyalakshmi Flour - Ragi 1 kg Pouch,Sri,256133,Yes,35.99,0,0
"[""Grocery and Staples"", ""Flours and Sooji"", ""Other Flours""]",http://192.168.1.146:8000/catalog/product/40003492,http://192.168.1.146:8000/static/images/products/40003492.jpg,Double horse Wheat - Samba Broken 500 gm Pouch,Double,40003492,Yes,94.99,0,0
"[""Grocery and Staples"", ""Flours and Sooji"", ""Other Flours""]",http://192.168.1.146:8000/catalog/product/144126,http://192.168.1.146:8000/static/images/products/144126.jpg,MTR Powder - Puliogare 35 gm Pouch,MTR,144126,Yes,10.99,0,0
"[""Grocery and Staples"", ""Flours and Sooji"", ""Other Flours""]",http://192.168.1.146:8000/catalog/product/30004878,http://192.168.1.146:8000/static/images/products/30004878.jpg,Double horse Samba Wheat - Rava 500 gm Pouch,Double,30004878,Yes,99.99,0,0
"[""Grocery and Staples"", ""Flours and Sooji"", ""Other Flours""]",http://192.168.1.146:8000/catalog/product/40008426,http://192.168.1.146:8000/static/images/products/40008426.jpg,Double horse Appam - Idiyappam Pathiri 500 gm Pouch,Double,40008426,Yes,52.99,0,0
"[""Grocery and Staples"", ""Flours and Sooji"", ""Other Flours""]",http://192.168.1.146:8000/catalog/product/100286303,http://192.168.1.146:8000/static/images/products/100286303.jpg,Nirapara Podi - Puttu 500 gm Pouch,Nirapara,100286303,Yes,46.99,0,0
"[""Grocery and Staples"", ""Flours and Sooji"", ""Other Flours""]",http://192.168.1.146:8000/catalog/product/100286302,http://192.168.1.146:8000/static/images/products/100286302.jpg,Nirapara Podi - Puttu 1 kg Pouch,Nirapara,100286302,Yes,88.99,0,0
"[""Grocery and Staples"", ""Flours and Sooji"", ""Other Flours""]",http://192.168.1.146:8000/catalog/product/269803,http://192.168.1.146:8000/static/images/products/269803.jpg,Double horse Puttupodi - White 500 gm Pouch,Double,269803,Yes,48.99,0,0
"[""Grocery and Staples"", ""Flours and Sooji"", ""Other Flours""]",http://192.168.1.146:8000/catalog/product/273072,http://192.168.1.146:8000/static/images/products/273072.jpg,Double horse Puttupodi - White 1 kg Pouch,Double,273072,Yes,94.99,0,0
"[""Grocery and Staples"", ""Flours and Sooji"", ""Other Flours""]",http://192.168.1.146:8000/catalog/product/40020764,http://192.168.1.146:8000/static/images/products/40020764.jpg,bb Royal Roasted Raw Rice Rava 500 gm Pouch,bb Royal,40020764,Yes,33.99,6,39.99
"[""Grocery and Staples"", ""Flours and Sooji"", ""Other Flours""]",http://192.168.1.146:8000/catalog/product/40007855,http://192.168.1.146:8000/static/images/products/40007855.jpg,Asal Idly & Dosa Batter - Ready to use 1 kg Pouch,Asal,40007855,Yes,60.99,0,0
"[""Grocery and Staples"", ""Flours and Sooji"", ""Other Flours""]",http://192.168.1.146:8000/catalog/product/40045368,http://192.168.1.146:8000/static/images/products/40045368.jpg,bb Royal Roasted - Rice Powder 1 kg,bb Royal,40045368,Yes,46.99,12,58.99
"[""Grocery and Staples"", ""Flours and Sooji"", ""Other Flours""]",http://192.168.1.146:8000/catalog/product/100286307,http://192.168.1.146:8000/static/images/products/100286307.jpg,Nirapara Podi - Appam/Idiyappam 500 gm Pouch,Nirapara,100286307,Yes,45.99,0,0
"[""Grocery and Staples"", ""Flours and Sooji"", ""Other Flours""]",http://192.168.1.146:8000/catalog/product/100286306,http://192.168.1.146:8000/static/images/products/100286306.jpg,Nirapara Podi - Appam/Idiyappam 1 kg Pouch,Nirapara,100286306,Yes,86.99,0,0
"[""Grocery and Staples"", ""Flours and Sooji"", ""Other Flours""]",http://192.168.1.146:8000/catalog/product/40018192,http://192.168.1.146:8000/static/images/products/40018192.jpg,bb Royal Soya Flour 500 gm Pouch,bb Royal,40018192,Yes,55.99,5,60.99
"[""Grocery and Staples"", ""Flours and Sooji"", ""Other Flours""]",http://192.168.1.146:8000/catalog/product/30004869,http://192.168.1.146:8000/static/images/products/30004869.jpg,Double horse Puttu Podi - Chemba 500 gm Pouch,Double,30004869,Yes,58.99,0,0
"[""Grocery and Staples"", ""Flours and Sooji"", ""Other Flours""]",http://192.168.1.146:8000/catalog/product/278982,http://192.168.1.146:8000/static/images/products/278982.jpg,Manna  Flour - Sprouted Ragi 500 gm Pouch,Manna,278982,Yes,70.99,0,0
"[""Grocery and Staples"", ""Flours and Sooji"", ""Other Flours""]",http://192.168.1.146:8000/catalog/product/40019106,http://192.168.1.146:8000/static/images/products/40019106.jpg,Indira's Ragi - Huri Hittu 400 gm Pouch,Indira's,40019106,Yes,52.99,0,0
"[""Grocery and Staples"", ""Flours and Sooji"", ""Other Flours""]",http://192.168.1.146:8000/catalog/product/100286304,http://192.168.1.146:8000/static/images/products/100286304.jpg,Nirapara Podi - Chemba Puttu 1 kg Pouch,Nirapara,100286304,Yes,90.99,0,0
"[""Grocery and Staples"", ""Flours and Sooji"", ""Other Flours""]",http://192.168.1.146:8000/catalog/product/40045362,http://192.168.1.146:8000/static/images/products/40045362.jpg,bb Royal Roasted - Ragi Powder 500 gm,bb Royal,40045362,Yes,15.99,10,25.99
"[""Grocery and Staples"", ""Flours and Sooji"", ""Other Flours""]",http://192.168.1.146:8000/catalog/product/40007122,http://192.168.1.146:8000/static/images/products/40007122.jpg,Navavita Ragi Huri Hittu 500 gm Carton,Navavita,40007122,Yes,45.99,0,0
"[""Grocery and Staples"", ""Flours and Sooji"", ""Other Flours""]",http://192.168.1.146:8000/catalog/product/100286317,http://192.168.1.146:8000/static/images/products/100286317.jpg,Nirapara Puttu Podi - Samba Wheat 500 gm Pouch,Nirapara,100286317,Yes,77.99,0,0
"[""Grocery and Staples"", ""Flours and Sooji"", ""Other Flours""]",http://192.168.1.146:8000/catalog/product/40019393,http://192.168.1.146:8000/static/images/products/40019393.jpg,Sri Bhagyalakshmi Ragi Flour 500 gm Pouch,Sri,40019393,Yes,18.99,0,0
"[""Grocery and Staples"", ""Flours and Sooji"", ""Other Flours""]",http://192.168.1.146:8000/catalog/product/40045367,http://192.168.1.146:8000/static/images/products/40045367.jpg,bb Royal Roasted - Rice Powder 500 gm,bb Royal,40045367,Yes,25.99,5,30.99
"[""Grocery and Staples"", ""Flours and Sooji"", ""Other Flours""]",http://192.168.1.146:8000/catalog/product/273071,http://192.168.1.146:8000/static/images/products/273071.jpg,Double horse Flour - Pathiri Rice 1 kg Pouch,Double,273071,Yes,93.99,0,0
"[""Grocery and Staples"", ""Flours and Sooji"", ""Other Flours""]",http://192.168.1.146:8000/catalog/product/277012,http://192.168.1.146:8000/static/images/products/277012.jpg,Manna  Dia Atta - Multi Grain Atta 1 kg Pouch,Manna,277012,Yes,55.99,0,0
"[""Grocery and Staples"", ""Flours and Sooji"", ""Other Flours""]",http://192.168.1.146:8000/catalog/product/100286316,http://192.168.1.146:8000/static/images/products/100286316.jpg,Nirapara Podi - Pathiri 500 gm Pouch,Nirapara,100286316,Yes,45.99,0,0
"[""Grocery and Staples"", ""Flours and Sooji"", ""Other Flours""]",http://192.168.1.146:8000/catalog/product/40007123,http://192.168.1.146:8000/static/images/products/40007123.jpg,Navavita Sprouted Soya - Flour 400 gm Carton,Navavita,40007123,Yes,80.99,0,0
"[""Grocery and Staples"", ""Flours and Sooji"", ""Other Flours""]",http://192.168.1.146:8000/catalog/product/40045365,http://192.168.1.146:8000/static/images/products/40045365.jpg,bb Royal Roasted - Maize Rava 500 gm,bb Royal,40045365,Yes,23.99,6,29.99
"[""Grocery and Staples"", ""Flours and Sooji"", ""Other Flours""]",http://192.168.1.146:8000/catalog/product/40007121,http://192.168.1.146:8000/static/images/products/40007121.jpg,Navavita Sprouted Ragi - Flour 500 gm Carton,Navavita,40007121,Yes,40.99,0,0
"[""Grocery and Staples"", ""Flours and Sooji"", ""Other Flours""]",http://192.168.1.146:8000/catalog/product/40026888,http://192.168.1.146:8000/static/images/products/40026888.jpg,Patanjali Daliya 500 gm,Patanjali,40026888,Yes,20.99,0,0
"[""Grocery and Staples"", ""Flours and Sooji"", ""Other Flours""]",http://192.168.1.146:8000/catalog/product/40045360,http://192.168.1.146:8000/static/images/products/40045360.jpg,bb Royal Corn Puttu Podi 500 gm,bb Royal,40045360,Yes,39.99,5,44.99
"[""Grocery and Staples"", ""Flours and Sooji"", ""Other Flours""]",http://192.168.1.146:8000/catalog/product/30004890,http://192.168.1.146:8000/static/images/products/30004890.jpg,Double horse Chakka Varatty 300 gm Box,Double,30004890,Yes,90.99,0,0
"[""Grocery and Staples"", ""Flours and Sooji"", ""Other Flours""]",http://192.168.1.146:8000/catalog/product/40020765,http://192.168.1.146:8000/static/images/products/40020765.jpg,bb Royal Appam/Idiyappam Podi 500 gm Pouch,bb Royal,40020765,Yes,31.99,7,38.99
"[""Grocery and Staples"", ""Flours and Sooji"", ""Other Flours""]",http://192.168.1.146:8000/catalog/product/40045364,http://192.168.1.146:8000/static/images/products/40045364.jpg,bb Royal Puttu Podi 500 gm,bb Royal,40045364,Yes,33.99,6,39.99
"[""Grocery and Staples"", ""Flours and Sooji"", ""Other Flours""]",http://192.168.1.146:8000/catalog/product/40023715,http://192.168.1.146:8000/static/images/products/40023715.jpg,MNF Multi Millet Atta Flour 900 gm Pouch,MNF,40023715,Yes,120.99,0,0
"[""Grocery and Staples"", ""Flours and Sooji"", ""Other Flours""]",http://192.168.1.146:8000/catalog/product/40045361,http://192.168.1.146:8000/static/images/products/40045361.jpg,bb Royal Pathiri / Akki  Roti Podi 500 gm,bb Royal,40045361,Yes,25.99,10,35.99
"[""Grocery and Staples"", ""Flours and Sooji"", ""Other Flours""]",http://192.168.1.146:8000/catalog/product/40023716,http://192.168.1.146:8000/static/images/products/40023716.jpg,MNF Multi Millet Atta Flour 450 gm Pouch,MNF,40023716,Yes,60.99,0,0
"[""Grocery and Staples"", ""Flours and Sooji"", ""Other Flours""]",http://192.168.1.146:8000/catalog/product/100409254,http://192.168.1.146:8000/static/images/products/100409254.jpg,Melam Podi - Chemba Puttu 500 gm Pouch,Melam,100409254,Yes,37.79,4.6,42.39
"[""Grocery and Staples"", ""Flours and Sooji"", ""Other Flours""]",http://192.168.1.146:8000/catalog/product/800000187,http://192.168.1.146:8000/static/images/products/800000187.jpg,Arya Organic Flour - Soya 500 gm,Arya,800000187,Yes,70.99,0,0
"[""Grocery and Staples"", ""Flours and Sooji"", ""Other Flours""]",http://192.168.1.146:8000/catalog/product/800000184,http://192.168.1.146:8000/static/images/products/800000184.jpg,Arya Organic Finger Millet(Ragi) Flour 1 kg,Arya,800000184,Yes,80.99,0,0
"[""Grocery and Staples"", ""Flours and Sooji"", ""Other Flours""]",http://192.168.1.146:8000/catalog/product/100409255,http://192.168.1.146:8000/static/images/products/100409255.jpg,Melam Podi - Chemba Puttu 1 kg Pouch,Melam,100409255,Yes,81.99,9,0
"[""Grocery and Staples"", ""Flours and Sooji"", ""Other Flours""]",http://192.168.1.146:8000/catalog/product/40001261,http://192.168.1.146:8000/static/images/products/40001261.jpg,Manna  Puttu Powder - Red Rice 500 gm Pouch,Manna,40001261,Yes,55.99,0,0
"[""Grocery and Staples"", ""Flours and Sooji"", ""Other Flours""]",http://192.168.1.146:8000/catalog/product/40019637,http://192.168.1.146:8000/static/images/products/40019637.jpg,Organic Tattva  Bajra Flour 500 gm Pouch,Organic,40019637,Yes,36.99,4.5,41.49
"[""Grocery and Staples"", ""Flours and Sooji"", ""Other Flours""]",http://192.168.1.146:8000/catalog/product/40019638,http://192.168.1.146:8000/static/images/products/40019638.jpg,Organic Tattva  Jowar Flour 500 gm Pouch,Organic,40019638,Yes,44.99,5.5,50.49
"[""Grocery and Staples"", ""Flours and Sooji"", ""Other Flours""]",http://192.168.1.146:8000/catalog/product/40001256,http://192.168.1.146:8000/static/images/products/40001256.jpg,Manna  Puttu Powder - White Rice 500 gm Pouch,Manna,40001256,Yes,55.99,0,0
"[""Grocery and Staples"", ""Flours and Sooji"", ""Other Flours""]",http://192.168.1.146:8000/catalog/product/30004886,http://192.168.1.146:8000/static/images/products/30004886.jpg,Double horse Idiyappam - White 100 gm Pouch,Double,30004886,Yes,32.99,0,0
"[""Grocery and Staples"", ""Flours and Sooji"", ""Other Flours""]",http://192.168.1.146:8000/catalog/product/100005552,http://192.168.1.146:8000/static/images/products/100005552.jpg,Weikfield Corn Flour 100 gm Carton,Weikfield,100005552,Yes,20.99,0,0
"[""Grocery and Staples"", ""Flours and Sooji"", ""Other Flours""]",http://192.168.1.146:8000/catalog/product/100005557,http://192.168.1.146:8000/static/images/products/100005557.jpg,Weikfield Corn Flour 500 gm Carton,Weikfield,100005557,Yes,70.99,0,0
"[""Grocery and Staples"", ""Flours and Sooji"", ""Other Flours""]",http://192.168.1.146:8000/catalog/product/40001460,http://192.168.1.146:8000/static/images/products/40001460.jpg,MTR Masala - Parupu Podi 200 gm Pouch,MTR,40001460,Yes,46.49,9.75,56.24
"[""Grocery and Staples"", ""Flours and Sooji"", ""Other Flours""]",http://192.168.1.146:8000/catalog/product/40001236,http://192.168.1.146:8000/static/images/products/40001236.jpg,Eastern Podi - Chemba Puttu 500 gm Pouch,Eastern,40001236,Yes,36.99,2,38.99
"[""Grocery and Staples"", ""Flours and Sooji"", ""Other Flours""]",http://192.168.1.146:8000/catalog/product/40017084,http://192.168.1.146:8000/static/images/products/40017084.jpg,Manna  Sattu - Health Food 500 gm,Manna,40017084,Yes,62.99,0,0
"[""Grocery and Staples"", ""Rice and Rice Products"", ""Raw Rice""]",http://192.168.1.146:8000/catalog/product/10000404,http://192.168.1.146:8000/static/images/products/10000404.jpg,bb Royal Sona Masoori Raw Rice 10 kg Bag,bb Royal,10000404,Yes,365.99,105,470.99
"[""Grocery and Staples"", ""Rice and Rice Products"", ""Raw Rice""]",http://192.168.1.146:8000/catalog/product/10000457,http://192.168.1.146:8000/static/images/products/10000457.jpg,bb Royal Sona Masoori Raw Rice 1 kg Pouch,bb Royal,10000457,Yes,40.99,10,50.99
"[""Grocery and Staples"", ""Rice and Rice Products"", ""Raw Rice""]",http://192.168.1.146:8000/catalog/product/10000415,http://192.168.1.146:8000/static/images/products/10000415.jpg,bb Royal Sona Masoori Raw Rice 5 kg Bag,bb Royal,10000415,Yes,200.99,45,245.99
"[""Grocery and Staples"", ""Rice and Rice Products"", ""Raw Rice""]",http://192.168.1.146:8000/catalog/product/20001214,http://192.168.1.146:8000/static/images/products/20001214.jpg,bb Royal Sona Masoori Raw Rice 25 kg Bag,bb Royal,20001214,Yes,950.99,237.5,1188.49
"[""Grocery and Staples"", ""Rice and Rice Products"", ""Raw Rice""]",http://192.168.1.146:8000/catalog/product/10000405,http://192.168.1.146:8000/static/images/products/10000405.jpg,bb Popular Sona Masoori Raw Rice 10 kg Bag,bb Popular,10000405,Yes,361.99,97,458.99
"[""Grocery and Staples"", ""Rice and Rice Products"", ""Raw Rice""]",http://192.168.1.146:8000/catalog/product/20001215,http://192.168.1.146:8000/static/images/products/20001215.jpg,bb Popular Sona Masoori Raw Rice 25 kg Bag,bb Popular,20001215,Yes,900.99,225,1125.99
"[""Grocery and Staples"", ""Rice and Rice Products"", ""Raw Rice""]",http://192.168.1.146:8000/catalog/product/10000410,http://192.168.1.146:8000/static/images/products/10000410.jpg,bb Popular Sona Masoori Raw Rice 5 kg Bag,bb Popular,10000410,Yes,190.99,45,235.99
"[""Grocery and Staples"", ""Rice and Rice Products"", ""Raw Rice""]",http://192.168.1.146:8000/catalog/product/10000448,http://192.168.1.146:8000/static/images/products/10000448.jpg,bb Popular Sona Masoori Raw Rice 1 kg Pouch,bb Popular,10000448,Yes,39.99,9,48.99
"[""Grocery and Staples"", ""Rice and Rice Products"", ""Raw Rice""]",http://192.168.1.146:8000/catalog/product/10000432,http://192.168.1.146:8000/static/images/products/10000432.jpg,bb Royal Jeera/Jeeraga samba Rice 1 kg Pouch,bb Royal,10000432,Yes,72.99,2,74.99
"[""Grocery and Staples"", ""Rice and Rice Products"", ""Raw Rice""]",http://192.168.1.146:8000/catalog/product/40035513,http://192.168.1.146:8000/static/images/products/40035513.jpg,bb Popular Sona Masoori Steam Rice 25 kg Bag,bb Popular,40035513,Yes,875.99,175,1050.99
"[""Grocery and Staples"", ""Rice and Rice Products"", ""Raw Rice""]",http://192.168.1.146:8000/catalog/product/10000406,http://192.168.1.146:8000/static/images/products/10000406.jpg,bb Popular Sona Masoori Steam Rice 10 kg Bag,bb Popular,10000406,Yes,370.99,60,430.99
"[""Grocery and Staples"", ""Rice and Rice Products"", ""Raw Rice""]",http://192.168.1.146:8000/catalog/product/10000413,http://192.168.1.146:8000/static/images/products/10000413.jpg,bb Popular Sona Masoori Steam Rice 5 kg Bag,bb Popular,10000413,Yes,195.99,25,220.99
"[""Grocery and Staples"", ""Rice and Rice Products"", ""Raw Rice""]",http://192.168.1.146:8000/catalog/product/10000451,http://192.168.1.146:8000/static/images/products/10000451.jpg,bb Popular Sona Masoori Steam Rice 1 kg Pouch,bb Popular,10000451,Yes,41.99,4,45.99
"[""Grocery and Staples"", ""Rice and Rice Products"", ""Raw Rice""]",http://192.168.1.146:8000/catalog/product/40021632,http://192.168.1.146:8000/static/images/products/40021632.jpg,bb Royal Bullet Kolam Raw Rice 10 kg Bag,bb Royal,40021632,Yes,565.99,60,625.99
"[""Grocery and Staples"", ""Rice and Rice Products"", ""Raw Rice""]",http://192.168.1.146:8000/catalog/product/40026609,http://192.168.1.146:8000/static/images/products/40026609.jpg,bb Royal Bullet Kolam Raw Rice 25 kg Bag,bb Royal,40026609,Yes,1421.99,129,1550.99
"[""Grocery and Staples"", ""Rice and Rice Products"", ""Raw Rice""]",http://192.168.1.146:8000/catalog/product/10000408,http://192.168.1.146:8000/static/images/products/10000408.jpg,bb Royal Kolam Rice 5 kg Bag,bb Royal,10000408,Yes,323.99,26,349.99
"[""Grocery and Staples"", ""Rice and Rice Products"", ""Raw Rice""]",http://192.168.1.146:8000/catalog/product/10000452,http://192.168.1.146:8000/static/images/products/10000452.jpg,bb Royal Kolam Rice 1 kg Pouch,bb Royal,10000452,Yes,69.99,3,72.99
"[""Grocery and Staples"", ""Rice and Rice Products"", ""Raw Rice""]",http://192.168.1.146:8000/catalog/product/40018887,http://192.168.1.146:8000/static/images/products/40018887.jpg,bb Popular Sona Masoori Raw Rice Economy 25 kg Bag,bb Popular,40018887,Yes,1100.99,25,1125.99
"[""Grocery and Staples"", ""Rice and Rice Products"", ""Raw Rice""]",http://192.168.1.146:8000/catalog/product/40018807,http://192.168.1.146:8000/static/images/products/40018807.jpg,Bullet Raw Rice - Super Vada Kolum 25 kg Bag,Bullet,40018807,Yes,198.99,1651,1849.99
"[""Grocery and Staples"", ""Rice and Rice Products"", ""Raw Rice""]",http://192.168.1.146:8000/catalog/product/10000409,http://192.168.1.146:8000/static/images/products/10000409.jpg,bb Royal Dosa Rice 5 kg Pouch,bb Royal,10000409,Yes,153.99,16,169.99
"[""Grocery and Staples"", ""Rice and Rice Products"", ""Raw Rice""]",http://192.168.1.146:8000/catalog/product/40018896,http://192.168.1.146:8000/static/images/products/40018896.jpg,bb Royal Dosa Rice 2 kg Pouch,bb Royal,40018896,Yes,71.99,4,75.99
"[""Grocery and Staples"", ""Rice and Rice Products"", ""Raw Rice""]",http://192.168.1.146:8000/catalog/product/10000449,http://192.168.1.146:8000/static/images/products/10000449.jpg,bb Royal Dosa Rice 1 kg Pouch,bb Royal,10000449,Yes,38.99,1,39.99
"[""Grocery and Staples"", ""Rice and Rice Products"", ""Raw Rice""]",http://192.168.1.146:8000/catalog/product/40004558,http://192.168.1.146:8000/static/images/products/40004558.jpg,Safe Harvest Sona Masoori Rice 1 kg Pouch,Safe,40004558,Yes,67.39,8.3,75.69
"[""Grocery and Staples"", ""Rice and Rice Products"", ""Raw Rice""]",http://192.168.1.146:8000/catalog/product/40018886,http://192.168.1.146:8000/static/images/products/40018886.jpg,bb Royal Sona Masoori Steam Rice 25 kg Bag,bb Royal,40018886,Yes,950.99,150,1100.99
"[""Grocery and Staples"", ""Rice and Rice Products"", ""Raw Rice""]",http://192.168.1.146:8000/catalog/product/40000261,http://192.168.1.146:8000/static/images/products/40000261.jpg,bb Popular Sona Masoori Raw Rice Economy 5 kg Bag,bb Popular,40000261,Yes,224.99,13,237.99
"[""Grocery and Staples"", ""Rice and Rice Products"", ""Raw Rice""]",http://192.168.1.146:8000/catalog/product/40000262,http://192.168.1.146:8000/static/images/products/40000262.jpg,bb Popular Sona Masoori Raw Rice Economy 10 kg Bag,bb Popular,40000262,Yes,440.99,20,460.99
"[""Grocery and Staples"", ""Rice and Rice Products"", ""Raw Rice""]",http://192.168.1.146:8000/catalog/product/20002743,http://192.168.1.146:8000/static/images/products/20002743.jpg,bb Royal Sona Masoori New Rice 1 kg Bag,bb Royal,20002743,Yes,42.99,4,46.99
"[""Grocery and Staples"", ""Rice and Rice Products"", ""Raw Rice""]",http://192.168.1.146:8000/catalog/product/30000225,http://192.168.1.146:8000/static/images/products/30000225.jpg,bb Royal HMT Kolam Rice 1 kg Pouch,bb Royal,30000225,Yes,60.99,5,65.99
"[""Grocery and Staples"", ""Rice and Rice Products"", ""Raw Rice""]",http://192.168.1.146:8000/catalog/product/30000227,http://192.168.1.146:8000/static/images/products/30000227.jpg,bb Royal HMT Kolam Rice 5 kg Bag,bb Royal,30000227,Yes,300.99,25,325.99
"[""Grocery and Staples"", ""Rice and Rice Products"", ""Raw Rice""]",http://192.168.1.146:8000/catalog/product/60000035,http://192.168.1.146:8000/static/images/products/60000035.jpg,bb Royal Sona Masoori Steam Rice 1 kg Pouch,bb Royal,60000035,Yes,41.99,6,47.99
"[""Grocery and Staples"", ""Rice and Rice Products"", ""Raw Rice""]",http://192.168.1.146:8000/catalog/product/60000036,http://192.168.1.146:8000/static/images/products/60000036.jpg,bb Royal Sona Masoori Steam Rice 10 kg Bag,bb Royal,60000036,Yes,395.99,55,450.99
"[""Grocery and Staples"", ""Rice and Rice Products"", ""Raw Rice""]",http://192.168.1.146:8000/catalog/product/60000037,http://192.168.1.146:8000/static/images/products/60000037.jpg,bb Royal Sona Masoori Steam Rice 5 kg Pouch,bb Royal,60000037,Yes,205.99,25,230.99
"[""Grocery and Staples"", ""Rice and Rice Products"", ""Raw Rice""]",http://192.168.1.146:8000/catalog/product/40018903,http://192.168.1.146:8000/static/images/products/40018903.jpg,bb Royal Red Raw Rice 1 kg Pouch,bb Royal,40018903,Yes,42.99,2,44.99
"[""Grocery and Staples"", ""Rice and Rice Products"", ""Raw Rice""]",http://192.168.1.146:8000/catalog/product/40004541,http://192.168.1.146:8000/static/images/products/40004541.jpg,Safe Harvest Raw Rice - Sona Masoori 1 kg Bag,Safe,40004541,Yes,70.59,8.7,79.29
"[""Grocery and Staples"", ""Rice and Rice Products"", ""Raw Rice""]",http://192.168.1.146:8000/catalog/product/100295820,http://192.168.1.146:8000/static/images/products/100295820.jpg,Kateer  Rice - Sona Masoori 10 kg Bag,Kateer,100295820,Yes,535.99,95,630.99
"[""Grocery and Staples"", ""Flours and Sooji"", ""Rice Flour""]",http://192.168.1.146:8000/catalog/product/10000458,http://192.168.1.146:8000/static/images/products/10000458.jpg,bb Royal Rice Flour 1 kg Pouch,bb Royal,10000458,Yes,34.99,3,37.99
"[""Grocery and Staples"", ""Flours and Sooji"", ""Rice Flour""]",http://192.168.1.146:8000/catalog/product/10000420,http://192.168.1.146:8000/static/images/products/10000420.jpg,bb Royal Rice Flour 500 gm Pouch,bb Royal,10000420,Yes,20.99,0,0
"[""Grocery and Staples"", ""Flours and Sooji"", ""Rice Flour""]",http://192.168.1.146:8000/catalog/product/275460,http://192.168.1.146:8000/static/images/products/275460.jpg,Sri Bhagyalakshmi Flour - Rice 1 kg Pouch,Sri,275460,Yes,35.99,0,0
"[""Grocery and Staples"", ""Flours and Sooji"", ""Rice Flour""]",http://192.168.1.146:8000/catalog/product/100286319,http://192.168.1.146:8000/static/images/products/100286319.jpg,Nirapara Powder - Rice 500 gm Pouch,Nirapara,100286319,Yes,44.99,0,0
"[""Grocery and Staples"", ""Flours and Sooji"", ""Rice Flour""]",http://192.168.1.146:8000/catalog/product/40025704,http://192.168.1.146:8000/static/images/products/40025704.jpg,NaturoBell Flour - Rajmudi Rice 1 kg Pouch,NaturoBell,40025704,Yes,80.99,0,0
"[""Grocery and Staples"", ""Flours and Sooji"", ""Rice Flour""]",http://192.168.1.146:8000/catalog/product/800000186,http://192.168.1.146:8000/static/images/products/800000186.jpg,Arya Organic Flour - Rice 1 kg,Arya,800000186,Yes,85.99,0,0
"[""Grocery and Staples"", ""Flours and Sooji"", ""Rice Flour""]",http://192.168.1.146:8000/catalog/product/40001252,http://192.168.1.146:8000/static/images/products/40001252.jpg,Manna  Flour - Rice 500 gm Pouch,Manna,40001252,Yes,50.99,0,0
"[""Grocery and Staples"", ""Flours and Sooji"", ""Rice Flour""]",http://192.168.1.146:8000/catalog/product/40036055,http://192.168.1.146:8000/static/images/products/40036055.jpg,NaturoBell Flour - Finger Millet 500 gm,NaturoBell,40036055,Yes,28.99,0,0
"[""Personal Care"", ""Ayurvedic""]",http://192.168.1.146:8000/catalog/product/30002410,http://192.168.1.146:8000/static/images/products/30002410.jpg,Patanjali Kesh Kanti - Anti-Dandruff Hair Cleanser Shampoo 200 ml,Patanjali,30002410,Yes,110.99,0,0
"[""Personal Care"", ""Ayurvedic""]",http://192.168.1.146:8000/catalog/product/40009513,http://192.168.1.146:8000/static/images/products/40009513.jpg,Patanjali Coconut Oil 200 ml Jar,Patanjali,40009513,Yes,65.99,0,0
"[""Personal Care"", ""Ayurvedic""]",http://192.168.1.146:8000/catalog/product/40009487,http://192.168.1.146:8000/static/images/products/40009487.jpg,Patanjali Dant Kanti - Regular Dental Cream 100 gm Carton,Patanjali,40009487,Yes,40.99,0,0
"[""Personal Care"", ""Ayurvedic""]",http://192.168.1.146:8000/catalog/product/40009484,http://192.168.1.146:8000/static/images/products/40009484.jpg,Patanjali Kesh Kanti - Milk Protein Hair Cleanser 200 ml,Patanjali,40009484,Yes,95.99,0,0
"[""Personal Care"", ""Ayurvedic""]",http://192.168.1.146:8000/catalog/product/40009483,http://192.168.1.146:8000/static/images/products/40009483.jpg,Patanjali Kesh Kanti - Natural Hair Cleanser 200 ml,Patanjali,40009483,Yes,75.99,0,0
"[""Personal Care"", ""Ayurvedic""]",http://192.168.1.146:8000/catalog/product/40009495,http://192.168.1.146:8000/static/images/products/40009495.jpg,Patanjali Neem Kanti - Body Cleanser 75 gm Carton,Patanjali,40009495,Yes,15.99,0,0
"[""Personal Care"", ""Ayurvedic""]",http://192.168.1.146:8000/catalog/product/40009490,http://192.168.1.146:8000/static/images/products/40009490.jpg,Patanjali Multani Mitti - Body Cleanser 75 gm Carton,Patanjali,40009490,Yes,35.99,0,0
"[""Personal Care"", ""Ayurvedic""]",http://192.168.1.146:8000/catalog/product/40017864,http://192.168.1.146:8000/static/images/products/40017864.jpg,Patanjali Herbal Kajal 3 gm,Patanjali,40017864,Yes,90.99,0,0
"[""Personal Care"", ""Ayurvedic""]",http://192.168.1.146:8000/catalog/product/40009497,http://192.168.1.146:8000/static/images/products/40009497.jpg,Patanjali Lemon Honey - Kanti Body Cleanser 75 gm Carton,Patanjali,40009497,Yes,19.99,0,0
"[""Personal Care"", ""Ayurvedic""]",http://192.168.1.146:8000/catalog/product/40009489,http://192.168.1.146:8000/static/images/products/40009489.jpg,Patanjali Mogra - Body Cleanser 75 gm Carton,Patanjali,40009489,Yes,25.99,0,0
"[""Personal Care"", ""Ayurvedic""]",http://192.168.1.146:8000/catalog/product/40009492,http://192.168.1.146:8000/static/images/products/40009492.jpg,Patanjali Crack - Heal Cream 50 gm Carton,Patanjali,40009492,Yes,60.99,0,0
"[""Personal Care"", ""Ayurvedic""]",http://192.168.1.146:8000/catalog/product/40014692,http://192.168.1.146:8000/static/images/products/40014692.jpg,"Sri Sri Ayurveda Henna Shikakai Shampoo - For Silky, Smooth & Conditioned Hair 200 ml",Sri,40014692,Yes,99.99,5.5,105.49
"[""Personal Care"", ""Ayurvedic""]",http://192.168.1.146:8000/catalog/product/40020294,http://192.168.1.146:8000/static/images/products/40020294.jpg,Aloe Veda Aloe Vera Gel - Nourishing  (with Green Tea Extracts & Vitamin E beads) 125 gm,Aloe,40020294,Yes,72.99,9,81.99
"[""Personal Care"", ""Ayurvedic""]",http://192.168.1.146:8000/catalog/product/40020344,http://192.168.1.146:8000/static/images/products/40020344.jpg,Aloe Veda Shower Gel - Lavender Luxury 300 ml,Aloe,40020344,Yes,144.99,18,162.99
"[""Personal Care"", ""Ayurvedic""]",http://192.168.1.146:8000/catalog/product/40020303,http://192.168.1.146:8000/static/images/products/40020303.jpg,Distil By Aloe Veda Massage Oil - Sweet Almond oil 200 ml,Distil,40020303,Yes,525.99,0,0
"[""Personal Care"", ""Ayurvedic""]",http://192.168.1.146:8000/catalog/product/40014655,http://192.168.1.146:8000/static/images/products/40014655.jpg,Sri Sri Ayurveda Sudanta Toothpaste - Holistic Dental Care 100 gm Carton,Sri,40014655,Yes,51.39,2.8,54.19
"[""Personal Care"", ""Ayurvedic""]",http://192.168.1.146:8000/catalog/product/40017858,http://192.168.1.146:8000/static/images/products/40017858.jpg,Patanjali Peedantak - Ointment 50 gm,Patanjali,40017858,Yes,70.99,0,0
"[""Personal Care"", ""Ayurvedic""]",http://192.168.1.146:8000/catalog/product/40014653,http://192.168.1.146:8000/static/images/products/40014653.jpg,Sri Sri Ayurveda Shakti Drops - Immunity Builder 10 ml Pouch,Sri,40014653,Yes,99.99,5.5,105.49
"[""Personal Care"", ""Ayurvedic""]",http://192.168.1.146:8000/catalog/product/40020346,http://192.168.1.146:8000/static/images/products/40020346.jpg,Aloe Veda Shower Gel - Citrus Mint Luxury 300 ml,Aloe,40020346,Yes,144.99,18,162.99
"[""Personal Care"", ""Ayurvedic""]",http://192.168.1.146:8000/catalog/product/40014647,http://192.168.1.146:8000/static/images/products/40014647.jpg,"Sri Sri Ayurveda Flaxseed Oil - Omega-3, Omega-6, Omega-9 Vegetarian Capsule 15 gm Carton",Sri,40014647,Yes,176.49,9.75,186.24
"[""Personal Care"", ""Ayurvedic""]",http://192.168.1.146:8000/catalog/product/40020348,http://192.168.1.146:8000/static/images/products/40020348.jpg,Aloe Veda Shower Gel - Chocolate Vanilla Luxury 300 ml,Aloe,40020348,Yes,144.99,18,162.99
"[""Personal Care"", ""Ayurvedic""]",http://192.168.1.146:8000/catalog/product/40020355,http://192.168.1.146:8000/static/images/products/40020355.jpg,Distil By Aloe Veda Tea Tree Oil 10 ml,Distil,40020355,Yes,208.99,26,234.99
"[""Personal Care"", ""Ayurvedic""]",http://192.168.1.146:8000/catalog/product/40014699,http://192.168.1.146:8000/static/images/products/40014699.jpg,Sri Sri Ayurveda Bathing Soap - Sandal 100 gm Carton,Sri,40014699,Yes,30.69,1.65,32.34
"[""Personal Care"", ""Ayurvedic""]",http://192.168.1.146:8000/catalog/product/40014713,http://192.168.1.146:8000/static/images/products/40014713.jpg,Sri Sri Ayurveda Anti Acne Gel - for Spotless Skin 10 gm Carton,Sri,40014713,Yes,63.99,3.5,67.49
"[""Personal Care"", ""Ayurvedic""]",http://192.168.1.146:8000/catalog/product/40014724,http://192.168.1.146:8000/static/images/products/40014724.jpg,"Sri Sri Ayurveda Bathing Soap - Malai Cream (for Smooth, Radiant & Nourished Skin) 100 gm Carton",Sri,40014724,Yes,30.69,1.65,32.34
"[""Personal Care"", ""Ayurvedic""]",http://192.168.1.146:8000/catalog/product/40009498,http://192.168.1.146:8000/static/images/products/40009498.jpg,Patanjali Kesar Kanti - Body Cleanser 50 gm Carton,Patanjali,40009498,Yes,19.99,0,0
"[""Personal Care"", ""Ayurvedic""]",http://192.168.1.146:8000/catalog/product/40014698,http://192.168.1.146:8000/static/images/products/40014698.jpg,Sri Sri Ayurveda Bathing Soap - Orange & Tulsi 100 gm Carton,Sri,40014698,Yes,30.69,1.65,32.34
"[""Personal Care"", ""Ayurvedic""]",http://192.168.1.146:8000/catalog/product/40020343,http://192.168.1.146:8000/static/images/products/40020343.jpg,Aloe Veda Shower Gel - Cedarwood Luxury 300 ml,Aloe,40020343,Yes,144.99,18,162.99
"[""Personal Care"", ""Ayurvedic""]",http://192.168.1.146:8000/catalog/product/40020340,http://192.168.1.146:8000/static/images/products/40020340.jpg,Aloe Veda Body Wash - Avocado Herbal 300 ml,Aloe,40020340,Yes,144.99,18,162.99
"[""Personal Care"", ""Ayurvedic""]",http://192.168.1.146:8000/catalog/product/40014726,http://192.168.1.146:8000/static/images/products/40014726.jpg,Sri Sri Ayurveda Protecting Sunscreen - Aloe Vera Rose & Almond 60 ml,Sri,40014726,Yes,72.99,4,76.99
"[""Personal Care"", ""Ayurvedic""]",http://192.168.1.146:8000/catalog/product/40014646,http://192.168.1.146:8000/static/images/products/40014646.jpg,Sri Sri Ayurveda Natural - Body Butter 150 gm Bottle,Sri,40014646,Yes,225.99,12.5,238.49
"[""Personal Care"", ""Ayurvedic""]",http://192.168.1.146:8000/catalog/product/40014710,http://192.168.1.146:8000/static/images/products/40014710.jpg,Sri Sri Ayurveda Face Scrub - Walnut Orange 60 gm,Sri,40014710,Yes,54.99,3,57.99
"[""Personal Care"", ""Ayurvedic""]",http://192.168.1.146:8000/catalog/product/40020295,http://192.168.1.146:8000/static/images/products/40020295.jpg,Aloe Veda Kokum Foot & Heel Nourishing - Butter with Clove Oil 100 gm,Aloe,40020295,Yes,245.99,0,0
"[""Personal Care"", ""Ayurvedic""]",http://192.168.1.146:8000/catalog/product/40014712,http://192.168.1.146:8000/static/images/products/40014712.jpg,"Sri Sri Ayurveda Bathing Soap - Almond & Honey (Softens, Smoothens & Protects Skin) 100 gm Carton",Sri,40014712,Yes,30.69,1.65,32.34
"[""Personal Care"", ""Ayurvedic""]",http://192.168.1.146:8000/catalog/product/40014707,http://192.168.1.146:8000/static/images/products/40014707.jpg,Sri Sri Ayurveda Narayana Taila - Joint & Muscle Toner 100 ml Bottle,Sri,40014707,Yes,131.49,7.25,138.74
"[""Personal Care"", ""Ayurvedic""]",http://192.168.1.146:8000/catalog/product/40014705,http://192.168.1.146:8000/static/images/products/40014705.jpg,Sri Sri Ayurveda Brahmi Bhringaraj Taila - Anti Graying 100 ml Bottle,Sri,40014705,Yes,63.99,3.5,67.49
"[""Personal Care"", ""Ayurvedic""]",http://192.168.1.146:8000/catalog/product/40017862,http://192.168.1.146:8000/static/images/products/40017862.jpg,Patanjali Madhuram Agarbathi Incense Sticks - Sandal 28 gm,Patanjali,40017862,Yes,20.99,0,0
"[""Personal Care"", ""Ayurvedic""]",http://192.168.1.146:8000/catalog/product/40021464,http://192.168.1.146:8000/static/images/products/40021464.jpg,Shahnaz Husain Precious Henna - Herb Mix 100 gm Pouch,Shahnaz,40021464,Yes,116.19,2.4,118.59
"[""Personal Care"", ""Ayurvedic""]",http://192.168.1.146:8000/catalog/product/40014689,http://192.168.1.146:8000/static/images/products/40014689.jpg,Sri Sri Ayurveda Sitopaladi Churna - Cold & Cough Remedy 80 gm,Sri,40014689,Yes,90.99,5,95.99
"[""Personal Care"", ""Ayurvedic""]",http://192.168.1.146:8000/catalog/product/40020301,http://192.168.1.146:8000/static/images/products/40020301.jpg,Distil By Aloe Veda Massage Oil - Jojoba Oil 200 ml,Distil,40020301,Yes,1275.99,0,0
"[""Personal Care"", ""Baby Care""]",http://192.168.1.146:8000/catalog/product/40057969,http://192.168.1.146:8000/static/images/products/40057969.jpg,Huggies Baby Wipes - Cucumber And Aloe Thick 80 pcs,Huggies,40057969,Yes,215.99,0,0
"[""Personal Care"", ""Baby Care""]",http://192.168.1.146:8000/catalog/product/40040325,http://192.168.1.146:8000/static/images/products/40040325.jpg,Pampers  Premium Care Pants - Diapers Medium Size 42 pcs,Pampers,40040325,Yes,770.99,0,0
"[""Personal Care"", ""Baby Care""]",http://192.168.1.146:8000/catalog/product/40040324,http://192.168.1.146:8000/static/images/products/40040324.jpg,Pampers  Premium Care Pants - Diapers Medium Size 68 pcs,Pampers,40040324,Yes,1199.99,0,0
"[""Personal Care"", ""Baby Care""]",http://192.168.1.146:8000/catalog/product/40040327,http://192.168.1.146:8000/static/images/products/40040327.jpg,Pampers  Premium Care Pants - Medium 9 pcs,Pampers,40040327,Yes,170.99,0,0
"[""Personal Care"", ""Baby Care""]",http://192.168.1.146:8000/catalog/product/40040326,http://192.168.1.146:8000/static/images/products/40040326.jpg,Pampers  Premium Care Pants - Diapers Medium Size 20 pcs,Pampers,40040326,Yes,375.99,0,0
"[""Personal Care"", ""Baby Care""]",http://192.168.1.146:8000/catalog/product/40019516,http://192.168.1.146:8000/static/images/products/40019516.jpg,Huggies Wonder Pants Diapers (Large) 50 pcs Pouch,Huggies,40019516,Yes,399.99,150,549.99
"[""Personal Care"", ""Baby Care""]",http://192.168.1.146:8000/catalog/product/20004626,http://192.168.1.146:8000/static/images/products/20004626.jpg,Pampers  Pants - Diapers Xtra Large Size 48 pcs Pouch,Pampers,20004626,Yes,560.29,119.85,680.14
"[""Personal Care"", ""Baby Care""]",http://192.168.1.146:8000/catalog/product/40019513,http://192.168.1.146:8000/static/images/products/40019513.jpg,Huggies Wonder Pants Diapers (Medium) 56 pcs Pouch,Huggies,40019513,Yes,399.99,150,549.99
"[""Personal Care"", ""Baby Care""]",http://192.168.1.146:8000/catalog/product/20004621,http://192.168.1.146:8000/static/images/products/20004621.jpg,Pampers  Pants - Diapers Large Size 48 pcs Pouch,Pampers,20004621,Yes,490.29,104.85,595.14
"[""Personal Care"", ""Baby Care""]",http://192.168.1.146:8000/catalog/product/40019517,http://192.168.1.146:8000/static/images/products/40019517.jpg,Huggies Wonder Pants Diapers (Extra Large) 42 pcs Pouch,Huggies,40019517,Yes,399.99,150,549.99
"[""Personal Care"", ""Baby Care""]",http://192.168.1.146:8000/catalog/product/100497544,http://192.168.1.146:8000/static/images/products/100497544.jpg,Mamy Poko                Pant Style Diapers - Large (9-14 kg) 48 pcs Pouch,Mamy,100497544,Yes,559.99,70,629.99
"[""Personal Care"", ""Baby Care""]",http://192.168.1.146:8000/catalog/product/273224,http://192.168.1.146:8000/static/images/products/273224.jpg,Mamy Poko                Pant Style Diapers - Large (9-14 kg) 8 pcs,Mamy,273224,Yes,115.99,0,0
"[""Personal Care"", ""Baby Care""]",http://192.168.1.146:8000/catalog/product/273220,http://192.168.1.146:8000/static/images/products/273220.jpg,Mamy Poko                Pant Style Diapers - Large (9-14 kg) 34 pcs,Mamy,273220,Yes,499.99,0,0
"[""Personal Care"", ""Baby Care""]",http://192.168.1.146:8000/catalog/product/292597,http://192.168.1.146:8000/static/images/products/292597.jpg,Mamy Poko                Pant Style Diapers - XL (12-17 kg) 46 pcs,Mamy,292597,Yes,559.99,70,629.99
"[""Personal Care"", ""Baby Care""]",http://192.168.1.146:8000/catalog/product/20002825,http://192.168.1.146:8000/static/images/products/20002825.jpg,Himalaya Gentle Baby Wipes - Indian Lotus Aloe Vera 72 pcs Pouch,Himalaya,20002825,Yes,175.99,0,0
"[""Personal Care"", ""Baby Care""]",http://192.168.1.146:8000/catalog/product/20004169,http://192.168.1.146:8000/static/images/products/20004169.jpg,Johnson & Johnson  Top-To-Toe Wash 500 ml,Johnson,20004169,Yes,290.99,0,0
"[""Personal Care"", ""Baby Care""]",http://192.168.1.146:8000/catalog/product/20004609,http://192.168.1.146:8000/static/images/products/20004609.jpg,Pampers  Active Baby Diaper - XL 56 pcs Pouch,Pampers,20004609,Yes,1299.99,0,0
"[""Personal Care"", ""Baby Care""]",http://192.168.1.146:8000/catalog/product/30002419,http://192.168.1.146:8000/static/images/products/30002419.jpg,Patanjali Hand Wash - Herbal 250 ml,Patanjali,30002419,Yes,55.99,0,0
"[""Personal Care"", ""Baby Care""]",http://192.168.1.146:8000/catalog/product/20004616,http://192.168.1.146:8000/static/images/products/20004616.jpg,Pampers  Pants - Diapers Medium Size 56 pcs Pouch,Pampers,20004616,Yes,490.29,104.85,595.14
"[""Personal Care"", ""Baby Care""]",http://192.168.1.146:8000/catalog/product/273219,http://192.168.1.146:8000/static/images/products/273219.jpg,Mamy Poko                Pant Style Diapers - XXL (15-25 kg) 24 pcs,Mamy,273219,Yes,499.99,0,0
"[""Personal Care"", ""Baby Care""]",http://192.168.1.146:8000/catalog/product/205776,http://192.168.1.146:8000/static/images/products/205776.jpg,Pampers  Active Baby Diapers - Large (9-14 kgs) 50 pcs Pouch,Pampers,205776,Yes,880.99,0,0
"[""Personal Care"", ""Baby Care""]",http://192.168.1.146:8000/catalog/product/20004620,http://192.168.1.146:8000/static/images/products/20004620.jpg,Pampers  Dry Pants - Large 34 pcs Pouch,Pampers,20004620,Yes,499.99,0,0
"[""Personal Care"", ""Baby Care""]",http://192.168.1.146:8000/catalog/product/280316,http://192.168.1.146:8000/static/images/products/280316.jpg,Pampers  Pants - Diapers Medium Size 40 pcs,Pampers,280316,Yes,350.29,74.85,425.14
"[""Personal Care"", ""Baby Care""]",http://192.168.1.146:8000/catalog/product/20004625,http://192.168.1.146:8000/static/images/products/20004625.jpg,Pampers  Pants - Diapers Xtra Large Size 32 pcs Pouch,Pampers,20004625,Yes,396.49,84.75,481.24
"[""Personal Care"", ""Baby Care""]",http://192.168.1.146:8000/catalog/product/100079208,http://192.168.1.146:8000/static/images/products/100079208.jpg,Pampers  Active Baby Diapers - Medium (6-11 kgs) 62 pcs,Pampers,100079208,Yes,980.99,0,0
"[""Personal Care"", ""Baby Care""]",http://192.168.1.146:8000/catalog/product/100316308,http://192.168.1.146:8000/static/images/products/100316308.jpg,Himalaya Baby Lotion 200 ml,Himalaya,100316308,Yes,145.99,0,0
"[""Personal Care"", ""Baby Care""]",http://192.168.1.146:8000/catalog/product/292607,http://192.168.1.146:8000/static/images/products/292607.jpg,Mamy Poko                Pant Style Diapers - Medium (7-12 kg) 56 pcs,Mamy,292607,Yes,559.99,70,629.99
"[""Personal Care"", ""Baby Care""]",http://192.168.1.146:8000/catalog/product/273223,http://192.168.1.146:8000/static/images/products/273223.jpg,Mamy Poko                Pant Style Diapers - Medium (7-12 kg) 20 pcs,Mamy,273223,Yes,235.99,0,0
"[""Personal Care"", ""Baby Care""]",http://192.168.1.146:8000/catalog/product/273221,http://192.168.1.146:8000/static/images/products/273221.jpg,Mamy Poko                Pant Style Diapers - Medium (7-12 kg) 40 pcs,Mamy,273221,Yes,499.99,0,0
"[""Personal Care"", ""Baby Care""]",http://192.168.1.146:8000/catalog/product/100494990,http://192.168.1.146:8000/static/images/products/100494990.jpg,Pampers  Active Baby Diapers - Large (9-14 kgs) 78 pcs Pouch,Pampers,100494990,Yes,1330.99,0,0
"[""Personal Care"", ""Baby Care""]",http://192.168.1.146:8000/catalog/product/100393172,http://192.168.1.146:8000/static/images/products/100393172.jpg,Huggies New Dry Diapers (Large) 56 pcs Pack of 56,Huggies,100393172,Yes,545.99,100,645.99
"[""Personal Care"", ""Baby Care""]",http://192.168.1.146:8000/catalog/product/100428245,http://192.168.1.146:8000/static/images/products/100428245.jpg,Himalaya Baby Cream - Extra Soft & Gentle (Olive Oil Country Mallow) 100 ml Tube,Himalaya,100428245,Yes,120.99,0,0
"[""Personal Care"", ""Baby Care""]",http://192.168.1.146:8000/catalog/product/305222,http://192.168.1.146:8000/static/images/products/305222.jpg,Johnson & Johnson  Baby Soap 50 gm Carton,Johnson,305222,Yes,27.99,0,0
"[""Personal Care"", ""Baby Care""]",http://192.168.1.146:8000/catalog/product/305213,http://192.168.1.146:8000/static/images/products/305213.jpg,Johnson & Johnson  Baby Soap 100 gm,Johnson,305213,Yes,55.99,0,0
"[""Personal Care"", ""Baby Care""]",http://192.168.1.146:8000/catalog/product/40054348,http://192.168.1.146:8000/static/images/products/40054348.jpg,Johnson & Johnson  Wipes - Baby Skincare 80 pcs Pack of 2,Johnson,40054348,Yes,380.99,0,0
"[""Personal Care"", ""Baby Care""]",http://192.168.1.146:8000/catalog/product/40023128,http://192.168.1.146:8000/static/images/products/40023128.jpg,Mamy Poko                Pant Style Diapers - XXXL (18-35 kg) 7 pcs Pouch,Mamy,40023128,Yes,299.99,0,0
"[""Personal Care"", ""Baby Care""]",http://192.168.1.146:8000/catalog/product/40013522,http://192.168.1.146:8000/static/images/products/40013522.jpg,"Himalaya Extra Moisturizing Baby Soap - Aloe Vera, Olive & Milk 125 gm Carton",Himalaya,40013522,Yes,55.99,0,0
"[""Personal Care"", ""Baby Care""]",http://192.168.1.146:8000/catalog/product/40013518,http://192.168.1.146:8000/static/images/products/40013518.jpg,"Himalaya Extra Moisturizing Baby Soap - Aloe Vera, Olive & Milk 75 gm Carton",Himalaya,40013518,Yes,35.99,0,0
"[""Personal Care"", ""Baby Care""]",http://192.168.1.146:8000/catalog/product/20002830,http://192.168.1.146:8000/static/images/products/20002830.jpg,Himalaya Baby Massage Oil - Olive Oil (Winter Cherry) 200 ml,Himalaya,20002830,Yes,165.99,0,0
"[""Personal Care"", ""Baby Care""]",http://192.168.1.146:8000/catalog/product/30000355,http://192.168.1.146:8000/static/images/products/30000355.jpg,Huggies Dry Comfort Diapers - Medium (5-11 Kg) 62 pcs,Huggies,30000355,Yes,530.99,100,630.99
"[""Personal Care"", ""Baby Care""]",http://192.168.1.146:8000/catalog/product/40023134,http://192.168.1.146:8000/static/images/products/40023134.jpg,Mamy Poko                Baby Wipes 100 pcs Pouch,Mamy,40023134,Yes,155.99,20,175.99
"[""Personal Care"", ""Baby Care""]",http://192.168.1.146:8000/catalog/product/40019500,http://192.168.1.146:8000/static/images/products/40019500.jpg,Huggies Wonder Pants Diapers (Large) 38 pcs Pouch Pack of 38,Huggies,40019500,Yes,305.99,85,390.99
"[""Personal Care"", ""Baby Care""]",http://192.168.1.146:8000/catalog/product/286598,http://192.168.1.146:8000/static/images/products/286598.jpg,Pampers  Disposable Diapers - Medium (6-11 kgs) 66 pcs,Pampers,286598,Yes,799.99,0,0
"[""Personal Care"", ""Baby Care""]",http://192.168.1.146:8000/catalog/product/40014351,http://192.168.1.146:8000/static/images/products/40014351.jpg,Mamy Poko                Pant Style Diapers - Small (4-8 kg) 60 nos Pouch,Mamy,40014351,Yes,499.99,100,599.99
"[""Personal Care"", ""Baby Care""]",http://192.168.1.146:8000/catalog/product/40030740,http://192.168.1.146:8000/static/images/products/40030740.jpg,Mamy Poko                Baby Wipes 100 pcs Pouch Pack of 2,Mamy,40030740,Yes,320.99,0,0
"[""Personal Care"", ""Baby Care""]",http://192.168.1.146:8000/catalog/product/40019501,http://192.168.1.146:8000/static/images/products/40019501.jpg,Huggies Wonder Pants Diapers (Extra Large) 32 pcs Pouch Pack of 32,Huggies,40019501,Yes,305.99,85,390.99
"[""Personal Care"", ""Baby Care""]",http://192.168.1.146:8000/catalog/product/100392811,http://192.168.1.146:8000/static/images/products/100392811.jpg,Himalaya Gentle Baby Bath - Chickpea & Green Gram 100 ml Bottle,Himalaya,100392811,Yes,70.99,0,0
"[""Personal Care"", ""Baby Care""]",http://192.168.1.146:8000/catalog/product/286594,http://192.168.1.146:8000/static/images/products/286594.jpg,Pampers  Disposable Diapers - Large (9 - 14 kgs) 60 pcs,Pampers,286594,Yes,849.99,0,0
"[""Personal Care"", ""Baby Care""]",http://192.168.1.146:8000/catalog/product/40018874,http://192.168.1.146:8000/static/images/products/40018874.jpg,Himalaya Baby Shampoo - Gentle (Hibiscus Chickpea) 100 ml Bottle,Himalaya,40018874,Yes,77.99,0,0
